Using pre-set license
Built from '2020.3/staging' branch; Version is '2020.3.24f1 (79c78de19888) revision 7980941'; Using compiler version '192528614'; Build Type 'Release'
OS: 'Windows 10  (10.0.19042) 64bit Professional' Language: 'ko' Physical Memory: 16242 MB
BatchMode: 1, IsHumanControllingUs: 0, StartBugReporterOnCrash: 0, Is64bit: 1, IsPro: 0

COMMAND LINE ARGUMENTS:
C:\Program Files\Unity\Hub\Editor\2020.3.24f1\Editor\Unity.exe
-adb2
-batchMode
-noUpm
-name
AssetImportWorker0
-projectPath
D:/Users/4cat1/Documents/BigTeamInc/PerfectHEX
-logFile
Logs/AssetImportWorker0.log
-srvPort
62983
Successfully changed project path to: D:/Users/4cat1/Documents/BigTeamInc/PerfectHEX
D:/Users/4cat1/Documents/BigTeamInc/PerfectHEX
Using Asset Import Pipeline V2.
Refreshing native plugins compatible for Editor in 59.00 ms, found 2 plugins.
Preloading 0 native plugins for Editor in 0.00 ms.
Initialize engine version: 2020.3.24f1 (79c78de19888)
[Subsystems] Discovering subsystems at path C:/Program Files/Unity/Hub/Editor/2020.3.24f1/Editor/Data/Resources/UnitySubsystems
[Subsystems] Discovering subsystems at path D:/Users/4cat1/Documents/BigTeamInc/PerfectHEX/Assets
GfxDevice: creating device client; threaded=0
Direct3D:
    Version:  Direct3D 11.0 [level 11.1]
    Renderer: NVIDIA GeForce GTX 1650 (ID=0x1f91)
    Vendor:   
    VRAM:     3964 MB
    Driver:   30.0.14.7212
Initialize mono
Mono path[0] = 'C:/Program Files/Unity/Hub/Editor/2020.3.24f1/Editor/Data/Managed'
Mono path[1] = 'C:/Program Files/Unity/Hub/Editor/2020.3.24f1/Editor/Data/MonoBleedingEdge/lib/mono/unityjit'
Mono config path = 'C:/Program Files/Unity/Hub/Editor/2020.3.24f1/Editor/Data/MonoBleedingEdge/etc'
Using monoOptions --debugger-agent=transport=dt_socket,embedding=1,server=y,suspend=n,address=127.0.0.1:56016
Begin MonoManager ReloadAssembly
Registering precompiled unity dll's ...
Register platform support module: C:/Program Files/Unity/Hub/Editor/2020.3.24f1/Editor/Data/PlaybackEngines/WindowsStandaloneSupport/UnityEditor.WindowsStandalone.Extensions.dll
Registered in 0.002601 seconds.
Native extension for WindowsStandalone target not found
Refreshing native plugins compatible for Editor in 62.56 ms, found 2 plugins.
Preloading 0 native plugins for Editor in 0.00 ms.
Mono: successfully reloaded assembly
- Completed reload, in  0.701 seconds
Domain Reload Profiling:
	ReloadAssembly (701ms)
		BeginReloadAssembly (74ms)
			ExecutionOrderSort (0ms)
			DisableScriptedObjects (0ms)
			BackupInstance (0ms)
			ReleaseScriptingObjects (0ms)
			CreateAndSetChildDomain (1ms)
		EndReloadAssembly (541ms)
			LoadAssemblies (71ms)
			RebuildTransferFunctionScriptingTraits (0ms)
			SetupTypeCache (178ms)
			ReleaseScriptCaches (0ms)
			RebuildScriptCaches (42ms)
			SetupLoadedEditorAssemblies (203ms)
				LogAssemblyErrors (0ms)
				InitializePlatformSupportModulesInManaged (4ms)
				SetLoadedEditorAssemblies (0ms)
				RefreshPlugins (63ms)
				BeforeProcessingInitializeOnLoad (19ms)
				ProcessInitializeOnLoadAttributes (87ms)
				ProcessInitializeOnLoadMethodAttributes (29ms)
				AfterProcessingInitializeOnLoad (0ms)
				EditorAssembliesLoaded (0ms)
			ExecutionOrderSort2 (0ms)
			AwakeInstancesAfterBackupRestoration (0ms)
Platform modules already initialized, skipping
Registering precompiled user dll's ...
Registered in 0.004592 seconds.
Begin MonoManager ReloadAssembly
Native extension for WindowsStandalone target not found
Refreshing native plugins compatible for Editor in 58.29 ms, found 2 plugins.
Preloading 0 native plugins for Editor in 0.00 ms.
Mono: successfully reloaded assembly
- Completed reload, in  1.303 seconds
Domain Reload Profiling:
	ReloadAssembly (1304ms)
		BeginReloadAssembly (165ms)
			ExecutionOrderSort (0ms)
			DisableScriptedObjects (4ms)
			BackupInstance (0ms)
			ReleaseScriptingObjects (0ms)
			CreateAndSetChildDomain (18ms)
		EndReloadAssembly (1076ms)
			LoadAssemblies (106ms)
			RebuildTransferFunctionScriptingTraits (0ms)
			SetupTypeCache (375ms)
			ReleaseScriptCaches (0ms)
			RebuildScriptCaches (60ms)
			SetupLoadedEditorAssemblies (384ms)
				LogAssemblyErrors (0ms)
				InitializePlatformSupportModulesInManaged (4ms)
				SetLoadedEditorAssemblies (0ms)
				RefreshPlugins (58ms)
				BeforeProcessingInitializeOnLoad (99ms)
				ProcessInitializeOnLoadAttributes (204ms)
				ProcessInitializeOnLoadMethodAttributes (9ms)
				AfterProcessingInitializeOnLoad (8ms)
				EditorAssembliesLoaded (0ms)
			ExecutionOrderSort2 (0ms)
			AwakeInstancesAfterBackupRestoration (6ms)
Platform modules already initialized, skipping
========================================================================
Worker process is ready to serve import requests
Launched and connected shader compiler UnityShaderCompiler.exe after 0.10 seconds
Refreshing native plugins compatible for Editor in 0.68 ms, found 2 plugins.
Preloading 0 native plugins for Editor in 0.00 ms.
Unloading 2806 Unused Serialized files (Serialized files now loaded: 0)
System memory in use before: 136.0 MB.
System memory in use after: 136.2 MB.

Unloading 20 unused Assets to reduce memory usage. Loaded Objects now: 3240.
Total: 5.666900 ms (FindLiveObjects: 0.465800 ms CreateObjectMapping: 0.190300 ms MarkObjects: 4.855800 ms  DeleteObjects: 0.153200 ms)

AssetImportParameters requested are different than current active one (requested -> active):
  custom:framework-win-MediaFoundation: 216162199b28c13a410421893ffa2e32 -> 
  custom:video-decoder-ogg-theora: a1e56fd34408186e4bbccfd4996cb3dc -> 
  custom:container-muxer-webm: aa71ff27fc2769a1b78a27578f13a17b -> 
  custom:container-demuxer-webm: 4f35f7cbe854078d1ac9338744f61a02 -> 
  custom:container-demuxer-ogg: 62fdf1f143b41e24485cea50d1cbac27 -> 
  custom:video-encoder-webm-vp8: eb34c28f22e8b96e1ab97ce403110664 -> 
  custom:video-decoder-webm-vp8: 9c59270c3fd7afecdb556c50c9e8de78 -> 
  custom:audio-decoder-ogg-vorbis: bf7c407c2cedff20999df2af8eb42d56 -> 
  custom:audio-encoder-webm-vorbis: bf7c407c2cedff20999df2af8eb42d56 -> 
========================================================================
Received Import Request.
  path: Assets/Scripts/Model/LevelData.cs
  artifactKey: Guid(0c00790bbc322b34b8a57a95ea0ad6c0) Importer(815301076,1909f56bfc062723c751e8b465ee728b)
Start importing Assets/Scripts/Model/LevelData.cs using Guid(0c00790bbc322b34b8a57a95ea0ad6c0) Importer(815301076,1909f56bfc062723c751e8b465ee728b)  -> (artifact id: 'd2f9d07bd707ce37ba54e489b5a00a72') in 0.074819 seconds 
  Import took 0.080639 seconds .

========================================================================
Received Import Request.
  Time since last request: 11.662767 seconds.
  path: Assets/Scripts/Model/TileData.cs
  artifactKey: Guid(c69be50605468d4438d1c00ab00820f7) Importer(815301076,1909f56bfc062723c751e8b465ee728b)
Start importing Assets/Scripts/Model/TileData.cs using Guid(c69be50605468d4438d1c00ab00820f7) Importer(815301076,1909f56bfc062723c751e8b465ee728b)  -> (artifact id: '7d5e1206fd018ed2fd2fcb624e405175') in 0.012389 seconds 
  Import took 0.023510 seconds .

========================================================================
Received Prepare
Registering precompiled user dll's ...
Registered in 0.006002 seconds.
Begin MonoManager ReloadAssembly
Native extension for WindowsStandalone target not found
Refreshing native plugins compatible for Editor in 0.52 ms, found 2 plugins.
Preloading 0 native plugins for Editor in 0.00 ms.
Mono: successfully reloaded assembly
- Completed reload, in  1.213 seconds
Domain Reload Profiling:
	ReloadAssembly (1214ms)
		BeginReloadAssembly (183ms)
			ExecutionOrderSort (0ms)
			DisableScriptedObjects (7ms)
			BackupInstance (0ms)
			ReleaseScriptingObjects (0ms)
			CreateAndSetChildDomain (74ms)
		EndReloadAssembly (950ms)
			LoadAssemblies (128ms)
			RebuildTransferFunctionScriptingTraits (0ms)
			SetupTypeCache (353ms)
			ReleaseScriptCaches (1ms)
			RebuildScriptCaches (45ms)
			SetupLoadedEditorAssemblies (310ms)
				LogAssemblyErrors (0ms)
				InitializePlatformSupportModulesInManaged (4ms)
				SetLoadedEditorAssemblies (0ms)
				RefreshPlugins (1ms)
				BeforeProcessingInitializeOnLoad (89ms)
				ProcessInitializeOnLoadAttributes (193ms)
				ProcessInitializeOnLoadMethodAttributes (14ms)
				AfterProcessingInitializeOnLoad (9ms)
				EditorAssembliesLoaded (0ms)
			ExecutionOrderSort2 (0ms)
			AwakeInstancesAfterBackupRestoration (11ms)
Platform modules already initialized, skipping
Refreshing native plugins compatible for Editor in 0.76 ms, found 2 plugins.
Preloading 0 native plugins for Editor in 0.00 ms.
Unloading 2698 Unused Serialized files (Serialized files now loaded: 0)
System memory in use before: 128.9 MB.
System memory in use after: 129.1 MB.

Unloading 15 unused Assets to reduce memory usage. Loaded Objects now: 3243.
Total: 2.931700 ms (FindLiveObjects: 0.239000 ms CreateObjectMapping: 0.117200 ms MarkObjects: 2.554900 ms  DeleteObjects: 0.019700 ms)

AssetImportParameters requested are different than current active one (requested -> active):
  custom:framework-win-MediaFoundation: 216162199b28c13a410421893ffa2e32 -> 
  custom:video-decoder-ogg-theora: a1e56fd34408186e4bbccfd4996cb3dc -> 
  custom:container-muxer-webm: aa71ff27fc2769a1b78a27578f13a17b -> 
  custom:container-demuxer-webm: 4f35f7cbe854078d1ac9338744f61a02 -> 
  custom:container-demuxer-ogg: 62fdf1f143b41e24485cea50d1cbac27 -> 
  custom:video-encoder-webm-vp8: eb34c28f22e8b96e1ab97ce403110664 -> 
  custom:video-decoder-webm-vp8: 9c59270c3fd7afecdb556c50c9e8de78 -> 
  custom:audio-decoder-ogg-vorbis: bf7c407c2cedff20999df2af8eb42d56 -> 
  custom:audio-encoder-webm-vorbis: bf7c407c2cedff20999df2af8eb42d56 -> 
========================================================================
Received Import Request.
  Time since last request: 18.194237 seconds.
  path: Assets/Scripts/Model/TilesetData.cs
  artifactKey: Guid(3b1cde299595574489d4db027321276d) Importer(815301076,1909f56bfc062723c751e8b465ee728b)
Start importing Assets/Scripts/Model/TilesetData.cs using Guid(3b1cde299595574489d4db027321276d) Importer(815301076,1909f56bfc062723c751e8b465ee728b)  -> (artifact id: '3d6cd18911574e69b499b1e992b75029') in 0.013955 seconds 
  Import took 0.022147 seconds .

========================================================================
Received Prepare
Registering precompiled user dll's ...
Registered in 0.005227 seconds.
Begin MonoManager ReloadAssembly
Native extension for WindowsStandalone target not found
Refreshing native plugins compatible for Editor in 0.65 ms, found 2 plugins.
Preloading 0 native plugins for Editor in 0.00 ms.
Mono: successfully reloaded assembly
- Completed reload, in  1.414 seconds
Domain Reload Profiling:
	ReloadAssembly (1415ms)
		BeginReloadAssembly (166ms)
			ExecutionOrderSort (0ms)
			DisableScriptedObjects (4ms)
			BackupInstance (0ms)
			ReleaseScriptingObjects (0ms)
			CreateAndSetChildDomain (46ms)
		EndReloadAssembly (1169ms)
			LoadAssemblies (146ms)
			RebuildTransferFunctionScriptingTraits (0ms)
			SetupTypeCache (442ms)
			ReleaseScriptCaches (1ms)
			RebuildScriptCaches (55ms)
			SetupLoadedEditorAssemblies (370ms)
				LogAssemblyErrors (0ms)
				InitializePlatformSupportModulesInManaged (5ms)
				SetLoadedEditorAssemblies (0ms)
				RefreshPlugins (1ms)
				BeforeProcessingInitializeOnLoad (112ms)
				ProcessInitializeOnLoadAttributes (230ms)
				ProcessInitializeOnLoadMethodAttributes (9ms)
				AfterProcessingInitializeOnLoad (12ms)
				EditorAssembliesLoaded (0ms)
			ExecutionOrderSort2 (0ms)
			AwakeInstancesAfterBackupRestoration (16ms)
Platform modules already initialized, skipping
Refreshing native plugins compatible for Editor in 0.86 ms, found 2 plugins.
Preloading 0 native plugins for Editor in 0.00 ms.
Unloading 2699 Unused Serialized files (Serialized files now loaded: 0)
System memory in use before: 129.0 MB.
System memory in use after: 129.2 MB.

Unloading 15 unused Assets to reduce memory usage. Loaded Objects now: 3246.
Total: 3.095900 ms (FindLiveObjects: 0.295400 ms CreateObjectMapping: 0.122700 ms MarkObjects: 2.659900 ms  DeleteObjects: 0.016800 ms)

AssetImportParameters requested are different than current active one (requested -> active):
  custom:framework-win-MediaFoundation: 216162199b28c13a410421893ffa2e32 -> 
  custom:video-decoder-ogg-theora: a1e56fd34408186e4bbccfd4996cb3dc -> 
  custom:container-muxer-webm: aa71ff27fc2769a1b78a27578f13a17b -> 
  custom:container-demuxer-webm: 4f35f7cbe854078d1ac9338744f61a02 -> 
  custom:container-demuxer-ogg: 62fdf1f143b41e24485cea50d1cbac27 -> 
  custom:video-encoder-webm-vp8: eb34c28f22e8b96e1ab97ce403110664 -> 
  custom:video-decoder-webm-vp8: 9c59270c3fd7afecdb556c50c9e8de78 -> 
  custom:audio-decoder-ogg-vorbis: bf7c407c2cedff20999df2af8eb42d56 -> 
  custom:audio-encoder-webm-vorbis: bf7c407c2cedff20999df2af8eb42d56 -> 
========================================================================
Received Import Request.
  Time since last request: 5701.750731 seconds.
  path: Assets/Scripts/Model/Point.cs
  artifactKey: Guid(15d864c4a444d8247b0b8dbdb2ebf9a6) Importer(815301076,1909f56bfc062723c751e8b465ee728b)
Start importing Assets/Scripts/Model/Point.cs using Guid(15d864c4a444d8247b0b8dbdb2ebf9a6) Importer(815301076,1909f56bfc062723c751e8b465ee728b)  -> (artifact id: '6e6f42d6c5423ee65afd9a6aa4ae9373') in 0.057914 seconds 
  Import took 0.087709 seconds .

========================================================================
Received Prepare
Registering precompiled user dll's ...
Registered in 0.156690 seconds.
Begin MonoManager ReloadAssembly
Native extension for WindowsStandalone target not found
Refreshing native plugins compatible for Editor in 0.67 ms, found 2 plugins.
Preloading 0 native plugins for Editor in 0.00 ms.
Mono: successfully reloaded assembly
- Completed reload, in  1.314 seconds
Domain Reload Profiling:
	ReloadAssembly (1317ms)
		BeginReloadAssembly (223ms)
			ExecutionOrderSort (0ms)
			DisableScriptedObjects (13ms)
			BackupInstance (0ms)
			ReleaseScriptingObjects (0ms)
			CreateAndSetChildDomain (99ms)
		EndReloadAssembly (1021ms)
			LoadAssemblies (138ms)
			RebuildTransferFunctionScriptingTraits (0ms)
			SetupTypeCache (369ms)
			ReleaseScriptCaches (1ms)
			RebuildScriptCaches (45ms)
			SetupLoadedEditorAssemblies (329ms)
				LogAssemblyErrors (0ms)
				InitializePlatformSupportModulesInManaged (5ms)
				SetLoadedEditorAssemblies (1ms)
				RefreshPlugins (1ms)
				BeforeProcessingInitializeOnLoad (103ms)
				ProcessInitializeOnLoadAttributes (201ms)
				ProcessInitializeOnLoadMethodAttributes (9ms)
				AfterProcessingInitializeOnLoad (9ms)
				EditorAssembliesLoaded (0ms)
			ExecutionOrderSort2 (0ms)
			AwakeInstancesAfterBackupRestoration (12ms)
Platform modules already initialized, skipping
Refreshing native plugins compatible for Editor in 0.59 ms, found 2 plugins.
Preloading 0 native plugins for Editor in 0.00 ms.
Unloading 2700 Unused Serialized files (Serialized files now loaded: 0)
System memory in use before: 129.0 MB.
System memory in use after: 129.2 MB.

Unloading 15 unused Assets to reduce memory usage. Loaded Objects now: 3249.
Total: 2.904500 ms (FindLiveObjects: 0.236800 ms CreateObjectMapping: 0.117900 ms MarkObjects: 2.458300 ms  DeleteObjects: 0.090600 ms)

AssetImportParameters requested are different than current active one (requested -> active):
  custom:framework-win-MediaFoundation: 216162199b28c13a410421893ffa2e32 -> 
  custom:video-decoder-ogg-theora: a1e56fd34408186e4bbccfd4996cb3dc -> 
  custom:container-muxer-webm: aa71ff27fc2769a1b78a27578f13a17b -> 
  custom:container-demuxer-webm: 4f35f7cbe854078d1ac9338744f61a02 -> 
  custom:container-demuxer-ogg: 62fdf1f143b41e24485cea50d1cbac27 -> 
  custom:video-encoder-webm-vp8: eb34c28f22e8b96e1ab97ce403110664 -> 
  custom:video-decoder-webm-vp8: 9c59270c3fd7afecdb556c50c9e8de78 -> 
  custom:audio-decoder-ogg-vorbis: bf7c407c2cedff20999df2af8eb42d56 -> 
  custom:audio-encoder-webm-vorbis: bf7c407c2cedff20999df2af8eb42d56 -> 
========================================================================
Received Prepare
Registering precompiled user dll's ...
Registered in 0.003948 seconds.
Begin MonoManager ReloadAssembly
Native extension for WindowsStandalone target not found
Refreshing native plugins compatible for Editor in 0.85 ms, found 2 plugins.
Preloading 0 native plugins for Editor in 0.00 ms.
Mono: successfully reloaded assembly
- Completed reload, in  1.081 seconds
Domain Reload Profiling:
	ReloadAssembly (1081ms)
		BeginReloadAssembly (122ms)
			ExecutionOrderSort (0ms)
			DisableScriptedObjects (7ms)
			BackupInstance (0ms)
			ReleaseScriptingObjects (0ms)
			CreateAndSetChildDomain (35ms)
		EndReloadAssembly (896ms)
			LoadAssemblies (97ms)
			RebuildTransferFunctionScriptingTraits (0ms)
			SetupTypeCache (315ms)
			ReleaseScriptCaches (1ms)
			RebuildScriptCaches (46ms)
			SetupLoadedEditorAssemblies (327ms)
				LogAssemblyErrors (0ms)
				InitializePlatformSupportModulesInManaged (4ms)
				SetLoadedEditorAssemblies (1ms)
				RefreshPlugins (1ms)
				BeforeProcessingInitializeOnLoad (98ms)
				ProcessInitializeOnLoadAttributes (208ms)
				ProcessInitializeOnLoadMethodAttributes (9ms)
				AfterProcessingInitializeOnLoad (7ms)
				EditorAssembliesLoaded (0ms)
			ExecutionOrderSort2 (0ms)
			AwakeInstancesAfterBackupRestoration (9ms)
Platform modules already initialized, skipping
Refreshing native plugins compatible for Editor in 0.58 ms, found 2 plugins.
Preloading 0 native plugins for Editor in 0.00 ms.
Unloading 2700 Unused Serialized files (Serialized files now loaded: 0)
System memory in use before: 129.0 MB.
System memory in use after: 129.2 MB.

Unloading 15 unused Assets to reduce memory usage. Loaded Objects now: 3251.
Total: 2.840600 ms (FindLiveObjects: 0.216400 ms CreateObjectMapping: 0.103400 ms MarkObjects: 2.472100 ms  DeleteObjects: 0.047600 ms)

AssetImportParameters requested are different than current active one (requested -> active):
  custom:framework-win-MediaFoundation: 216162199b28c13a410421893ffa2e32 -> 
  custom:video-decoder-ogg-theora: a1e56fd34408186e4bbccfd4996cb3dc -> 
  custom:container-muxer-webm: aa71ff27fc2769a1b78a27578f13a17b -> 
  custom:container-demuxer-webm: 4f35f7cbe854078d1ac9338744f61a02 -> 
  custom:container-demuxer-ogg: 62fdf1f143b41e24485cea50d1cbac27 -> 
  custom:video-encoder-webm-vp8: eb34c28f22e8b96e1ab97ce403110664 -> 
  custom:video-decoder-webm-vp8: 9c59270c3fd7afecdb556c50c9e8de78 -> 
  custom:audio-decoder-ogg-vorbis: bf7c407c2cedff20999df2af8eb42d56 -> 
  custom:audio-encoder-webm-vorbis: bf7c407c2cedff20999df2af8eb42d56 -> 
========================================================================
Received Import Request.
  Time since last request: 38.540695 seconds.
  path: Assets/Scripts/Model/Point.cs
  artifactKey: Guid(15d864c4a444d8247b0b8dbdb2ebf9a6) Importer(815301076,1909f56bfc062723c751e8b465ee728b)
Start importing Assets/Scripts/Model/Point.cs using Guid(15d864c4a444d8247b0b8dbdb2ebf9a6) Importer(815301076,1909f56bfc062723c751e8b465ee728b)  -> (artifact id: '00000000000000000000000000000000') in 0.001219 seconds  code(4) message(Build asset version error: assets/scripts/model/point.cs in SourceAssetDB has modification time of '2022-01-23T09:17:59.0953662Z' while content on disk has modification time of '2022-01-23T09:18:01.9750323Z')
  ERROR: Build asset version error: assets/scripts/model/point.cs in SourceAssetDB has modification time of '2022-01-23T09:17:59.0953662Z' while content on disk has modification time of '2022-01-23T09:18:01.9750323Z'
  Import took 0.005039 seconds .

========================================================================
Received Import Request.
  Time since last request: 21.542300 seconds.
  path: Assets/Scripts/Model/Point.cs
  artifactKey: Guid(15d864c4a444d8247b0b8dbdb2ebf9a6) Importer(815301076,1909f56bfc062723c751e8b465ee728b)
Start importing Assets/Scripts/Model/Point.cs using Guid(15d864c4a444d8247b0b8dbdb2ebf9a6) Importer(815301076,1909f56bfc062723c751e8b465ee728b)  -> (artifact id: 'aa21aa6bb27806ae8ce0686b480ee5bd') in 0.016509 seconds 
  Import took 0.023660 seconds .

========================================================================
Received Prepare
Registering precompiled user dll's ...
Registered in 0.005431 seconds.
Begin MonoManager ReloadAssembly
Native extension for WindowsStandalone target not found
Refreshing native plugins compatible for Editor in 0.81 ms, found 2 plugins.
Preloading 0 native plugins for Editor in 0.00 ms.
Mono: successfully reloaded assembly
- Completed reload, in  1.363 seconds
Domain Reload Profiling:
	ReloadAssembly (1364ms)
		BeginReloadAssembly (167ms)
			ExecutionOrderSort (0ms)
			DisableScriptedObjects (5ms)
			BackupInstance (0ms)
			ReleaseScriptingObjects (0ms)
			CreateAndSetChildDomain (43ms)
		EndReloadAssembly (1106ms)
			LoadAssemblies (159ms)
			RebuildTransferFunctionScriptingTraits (0ms)
			SetupTypeCache (362ms)
			ReleaseScriptCaches (1ms)
			RebuildScriptCaches (68ms)
			SetupLoadedEditorAssemblies (360ms)
				LogAssemblyErrors (0ms)
				InitializePlatformSupportModulesInManaged (5ms)
				SetLoadedEditorAssemblies (1ms)
				RefreshPlugins (1ms)
				BeforeProcessingInitializeOnLoad (107ms)
				ProcessInitializeOnLoadAttributes (228ms)
				ProcessInitializeOnLoadMethodAttributes (8ms)
				AfterProcessingInitializeOnLoad (9ms)
				EditorAssembliesLoaded (0ms)
			ExecutionOrderSort2 (0ms)
			AwakeInstancesAfterBackupRestoration (10ms)
Platform modules already initialized, skipping
Refreshing native plugins compatible for Editor in 0.60 ms, found 2 plugins.
Preloading 0 native plugins for Editor in 0.00 ms.
Unloading 2700 Unused Serialized files (Serialized files now loaded: 0)
System memory in use before: 129.0 MB.
System memory in use after: 129.3 MB.

Unloading 15 unused Assets to reduce memory usage. Loaded Objects now: 3253.
Total: 4.050600 ms (FindLiveObjects: 0.320800 ms CreateObjectMapping: 0.192200 ms MarkObjects: 3.334400 ms  DeleteObjects: 0.202000 ms)

AssetImportParameters requested are different than current active one (requested -> active):
  custom:framework-win-MediaFoundation: 216162199b28c13a410421893ffa2e32 -> 
  custom:video-decoder-ogg-theora: a1e56fd34408186e4bbccfd4996cb3dc -> 
  custom:container-muxer-webm: aa71ff27fc2769a1b78a27578f13a17b -> 
  custom:container-demuxer-webm: 4f35f7cbe854078d1ac9338744f61a02 -> 
  custom:container-demuxer-ogg: 62fdf1f143b41e24485cea50d1cbac27 -> 
  custom:video-encoder-webm-vp8: eb34c28f22e8b96e1ab97ce403110664 -> 
  custom:video-decoder-webm-vp8: 9c59270c3fd7afecdb556c50c9e8de78 -> 
  custom:audio-decoder-ogg-vorbis: bf7c407c2cedff20999df2af8eb42d56 -> 
  custom:audio-encoder-webm-vorbis: bf7c407c2cedff20999df2af8eb42d56 -> 
========================================================================
Received Prepare
Registering precompiled user dll's ...
Registered in 0.004824 seconds.
Begin MonoManager ReloadAssembly
Native extension for WindowsStandalone target not found
Refreshing native plugins compatible for Editor in 0.61 ms, found 2 plugins.
Preloading 0 native plugins for Editor in 0.00 ms.
Mono: successfully reloaded assembly
- Completed reload, in  1.224 seconds
Domain Reload Profiling:
	ReloadAssembly (1225ms)
		BeginReloadAssembly (150ms)
			ExecutionOrderSort (0ms)
			DisableScriptedObjects (7ms)
			BackupInstance (0ms)
			ReleaseScriptingObjects (0ms)
			CreateAndSetChildDomain (39ms)
		EndReloadAssembly (986ms)
			LoadAssemblies (132ms)
			RebuildTransferFunctionScriptingTraits (0ms)
			SetupTypeCache (354ms)
			ReleaseScriptCaches (1ms)
			RebuildScriptCaches (42ms)
			SetupLoadedEditorAssemblies (341ms)
				LogAssemblyErrors (0ms)
				InitializePlatformSupportModulesInManaged (4ms)
				SetLoadedEditorAssemblies (1ms)
				RefreshPlugins (1ms)
				BeforeProcessingInitializeOnLoad (96ms)
				ProcessInitializeOnLoadAttributes (222ms)
				ProcessInitializeOnLoadMethodAttributes (10ms)
				AfterProcessingInitializeOnLoad (7ms)
				EditorAssembliesLoaded (0ms)
			ExecutionOrderSort2 (0ms)
			AwakeInstancesAfterBackupRestoration (10ms)
Platform modules already initialized, skipping
Refreshing native plugins compatible for Editor in 0.60 ms, found 2 plugins.
Preloading 0 native plugins for Editor in 0.00 ms.
Unloading 2700 Unused Serialized files (Serialized files now loaded: 0)
System memory in use before: 129.0 MB.
System memory in use after: 129.3 MB.

Unloading 15 unused Assets to reduce memory usage. Loaded Objects now: 3255.
Total: 3.002300 ms (FindLiveObjects: 0.314600 ms CreateObjectMapping: 0.114100 ms MarkObjects: 2.555700 ms  DeleteObjects: 0.016800 ms)

AssetImportParameters requested are different than current active one (requested -> active):
  custom:framework-win-MediaFoundation: 216162199b28c13a410421893ffa2e32 -> 
  custom:video-decoder-ogg-theora: a1e56fd34408186e4bbccfd4996cb3dc -> 
  custom:container-muxer-webm: aa71ff27fc2769a1b78a27578f13a17b -> 
  custom:container-demuxer-webm: 4f35f7cbe854078d1ac9338744f61a02 -> 
  custom:container-demuxer-ogg: 62fdf1f143b41e24485cea50d1cbac27 -> 
  custom:video-encoder-webm-vp8: eb34c28f22e8b96e1ab97ce403110664 -> 
  custom:video-decoder-webm-vp8: 9c59270c3fd7afecdb556c50c9e8de78 -> 
  custom:audio-decoder-ogg-vorbis: bf7c407c2cedff20999df2af8eb42d56 -> 
  custom:audio-encoder-webm-vorbis: bf7c407c2cedff20999df2af8eb42d56 -> 
========================================================================
Received Prepare
Registering precompiled user dll's ...
Registered in 0.004258 seconds.
Begin MonoManager ReloadAssembly
Native extension for WindowsStandalone target not found
Refreshing native plugins compatible for Editor in 0.58 ms, found 2 plugins.
Preloading 0 native plugins for Editor in 0.00 ms.
Mono: successfully reloaded assembly
- Completed reload, in  1.143 seconds
Domain Reload Profiling:
	ReloadAssembly (1144ms)
		BeginReloadAssembly (140ms)
			ExecutionOrderSort (0ms)
			DisableScriptedObjects (4ms)
			BackupInstance (0ms)
			ReleaseScriptingObjects (0ms)
			CreateAndSetChildDomain (35ms)
		EndReloadAssembly (928ms)
			LoadAssemblies (120ms)
			RebuildTransferFunctionScriptingTraits (0ms)
			SetupTypeCache (306ms)
			ReleaseScriptCaches (1ms)
			RebuildScriptCaches (41ms)
			SetupLoadedEditorAssemblies (357ms)
				LogAssemblyErrors (0ms)
				InitializePlatformSupportModulesInManaged (4ms)
				SetLoadedEditorAssemblies (0ms)
				RefreshPlugins (1ms)
				BeforeProcessingInitializeOnLoad (87ms)
				ProcessInitializeOnLoadAttributes (250ms)
				ProcessInitializeOnLoadMethodAttributes (9ms)
				AfterProcessingInitializeOnLoad (7ms)
				EditorAssembliesLoaded (0ms)
			ExecutionOrderSort2 (0ms)
			AwakeInstancesAfterBackupRestoration (10ms)
Platform modules already initialized, skipping
Refreshing native plugins compatible for Editor in 0.81 ms, found 2 plugins.
Preloading 0 native plugins for Editor in 0.00 ms.
Unloading 2700 Unused Serialized files (Serialized files now loaded: 0)
System memory in use before: 129.0 MB.
System memory in use after: 129.3 MB.

Unloading 15 unused Assets to reduce memory usage. Loaded Objects now: 3257.
Total: 3.106900 ms (FindLiveObjects: 0.299200 ms CreateObjectMapping: 0.106500 ms MarkObjects: 2.684600 ms  DeleteObjects: 0.015400 ms)

AssetImportParameters requested are different than current active one (requested -> active):
  custom:framework-win-MediaFoundation: 216162199b28c13a410421893ffa2e32 -> 
  custom:video-decoder-ogg-theora: a1e56fd34408186e4bbccfd4996cb3dc -> 
  custom:container-muxer-webm: aa71ff27fc2769a1b78a27578f13a17b -> 
  custom:container-demuxer-webm: 4f35f7cbe854078d1ac9338744f61a02 -> 
  custom:container-demuxer-ogg: 62fdf1f143b41e24485cea50d1cbac27 -> 
  custom:video-encoder-webm-vp8: eb34c28f22e8b96e1ab97ce403110664 -> 
  custom:video-decoder-webm-vp8: 9c59270c3fd7afecdb556c50c9e8de78 -> 
  custom:audio-decoder-ogg-vorbis: bf7c407c2cedff20999df2af8eb42d56 -> 
  custom:audio-encoder-webm-vorbis: bf7c407c2cedff20999df2af8eb42d56 -> 
========================================================================
Received Prepare
Registering precompiled user dll's ...
Registered in 0.007041 seconds.
Begin MonoManager ReloadAssembly
Native extension for WindowsStandalone target not found
Refreshing native plugins compatible for Editor in 0.58 ms, found 2 plugins.
Preloading 0 native plugins for Editor in 0.00 ms.
Mono: successfully reloaded assembly
- Completed reload, in  1.236 seconds
Domain Reload Profiling:
	ReloadAssembly (1237ms)
		BeginReloadAssembly (148ms)
			ExecutionOrderSort (0ms)
			DisableScriptedObjects (5ms)
			BackupInstance (0ms)
			ReleaseScriptingObjects (0ms)
			CreateAndSetChildDomain (39ms)
		EndReloadAssembly (1007ms)
			LoadAssemblies (133ms)
			RebuildTransferFunctionScriptingTraits (0ms)
			SetupTypeCache (334ms)
			ReleaseScriptCaches (2ms)
			RebuildScriptCaches (47ms)
			SetupLoadedEditorAssemblies (333ms)
				LogAssemblyErrors (0ms)
				InitializePlatformSupportModulesInManaged (4ms)
				SetLoadedEditorAssemblies (0ms)
				RefreshPlugins (1ms)
				BeforeProcessingInitializeOnLoad (108ms)
				ProcessInitializeOnLoadAttributes (204ms)
				ProcessInitializeOnLoadMethodAttributes (9ms)
				AfterProcessingInitializeOnLoad (7ms)
				EditorAssembliesLoaded (0ms)
			ExecutionOrderSort2 (0ms)
			AwakeInstancesAfterBackupRestoration (9ms)
Platform modules already initialized, skipping
Refreshing native plugins compatible for Editor in 0.80 ms, found 2 plugins.
Preloading 0 native plugins for Editor in 0.00 ms.
Unloading 2700 Unused Serialized files (Serialized files now loaded: 0)
System memory in use before: 129.1 MB.
System memory in use after: 129.3 MB.

Unloading 15 unused Assets to reduce memory usage. Loaded Objects now: 3259.
Total: 4.423800 ms (FindLiveObjects: 0.813700 ms CreateObjectMapping: 0.425900 ms MarkObjects: 2.979000 ms  DeleteObjects: 0.204200 ms)

AssetImportParameters requested are different than current active one (requested -> active):
  custom:framework-win-MediaFoundation: 216162199b28c13a410421893ffa2e32 -> 
  custom:video-decoder-ogg-theora: a1e56fd34408186e4bbccfd4996cb3dc -> 
  custom:container-muxer-webm: aa71ff27fc2769a1b78a27578f13a17b -> 
  custom:container-demuxer-webm: 4f35f7cbe854078d1ac9338744f61a02 -> 
  custom:container-demuxer-ogg: 62fdf1f143b41e24485cea50d1cbac27 -> 
  custom:video-encoder-webm-vp8: eb34c28f22e8b96e1ab97ce403110664 -> 
  custom:video-decoder-webm-vp8: 9c59270c3fd7afecdb556c50c9e8de78 -> 
  custom:audio-decoder-ogg-vorbis: bf7c407c2cedff20999df2af8eb42d56 -> 
  custom:audio-encoder-webm-vorbis: bf7c407c2cedff20999df2af8eb42d56 -> 
========================================================================
Received Prepare
Registering precompiled user dll's ...
Registered in 0.004815 seconds.
Begin MonoManager ReloadAssembly
Native extension for WindowsStandalone target not found
Refreshing native plugins compatible for Editor in 0.52 ms, found 2 plugins.
Preloading 0 native plugins for Editor in 0.00 ms.
Mono: successfully reloaded assembly
- Completed reload, in  1.118 seconds
Domain Reload Profiling:
	ReloadAssembly (1118ms)
		BeginReloadAssembly (124ms)
			ExecutionOrderSort (0ms)
			DisableScriptedObjects (5ms)
			BackupInstance (0ms)
			ReleaseScriptingObjects (0ms)
			CreateAndSetChildDomain (31ms)
		EndReloadAssembly (929ms)
			LoadAssemblies (117ms)
			RebuildTransferFunctionScriptingTraits (0ms)
			SetupTypeCache (306ms)
			ReleaseScriptCaches (1ms)
			RebuildScriptCaches (45ms)
			SetupLoadedEditorAssemblies (364ms)
				LogAssemblyErrors (0ms)
				InitializePlatformSupportModulesInManaged (4ms)
				SetLoadedEditorAssemblies (0ms)
				RefreshPlugins (1ms)
				BeforeProcessingInitializeOnLoad (88ms)
				ProcessInitializeOnLoadAttributes (254ms)
				ProcessInitializeOnLoadMethodAttributes (9ms)
				AfterProcessingInitializeOnLoad (7ms)
				EditorAssembliesLoaded (0ms)
			ExecutionOrderSort2 (0ms)
			AwakeInstancesAfterBackupRestoration (11ms)
Platform modules already initialized, skipping
Refreshing native plugins compatible for Editor in 0.64 ms, found 2 plugins.
Preloading 0 native plugins for Editor in 0.00 ms.
Unloading 2700 Unused Serialized files (Serialized files now loaded: 0)
System memory in use before: 129.1 MB.
System memory in use after: 129.3 MB.

Unloading 15 unused Assets to reduce memory usage. Loaded Objects now: 3261.
Total: 4.271700 ms (FindLiveObjects: 0.381800 ms CreateObjectMapping: 0.121700 ms MarkObjects: 3.723400 ms  DeleteObjects: 0.043500 ms)

AssetImportParameters requested are different than current active one (requested -> active):
  custom:framework-win-MediaFoundation: 216162199b28c13a410421893ffa2e32 -> 
  custom:video-decoder-ogg-theora: a1e56fd34408186e4bbccfd4996cb3dc -> 
  custom:container-muxer-webm: aa71ff27fc2769a1b78a27578f13a17b -> 
  custom:container-demuxer-webm: 4f35f7cbe854078d1ac9338744f61a02 -> 
  custom:container-demuxer-ogg: 62fdf1f143b41e24485cea50d1cbac27 -> 
  custom:video-encoder-webm-vp8: eb34c28f22e8b96e1ab97ce403110664 -> 
  custom:video-decoder-webm-vp8: 9c59270c3fd7afecdb556c50c9e8de78 -> 
  custom:audio-decoder-ogg-vorbis: bf7c407c2cedff20999df2af8eb42d56 -> 
  custom:audio-encoder-webm-vorbis: bf7c407c2cedff20999df2af8eb42d56 -> 
========================================================================
Received Prepare
Registering precompiled user dll's ...
Registered in 0.004810 seconds.
Begin MonoManager ReloadAssembly
Native extension for WindowsStandalone target not found
Refreshing native plugins compatible for Editor in 0.71 ms, found 2 plugins.
Preloading 0 native plugins for Editor in 0.00 ms.
Mono: successfully reloaded assembly
- Completed reload, in  1.150 seconds
Domain Reload Profiling:
	ReloadAssembly (1150ms)
		BeginReloadAssembly (133ms)
			ExecutionOrderSort (0ms)
			DisableScriptedObjects (4ms)
			BackupInstance (0ms)
			ReleaseScriptingObjects (0ms)
			CreateAndSetChildDomain (37ms)
		EndReloadAssembly (952ms)
			LoadAssemblies (109ms)
			RebuildTransferFunctionScriptingTraits (0ms)
			SetupTypeCache (320ms)
			ReleaseScriptCaches (1ms)
			RebuildScriptCaches (45ms)
			SetupLoadedEditorAssemblies (369ms)
				LogAssemblyErrors (0ms)
				InitializePlatformSupportModulesInManaged (3ms)
				SetLoadedEditorAssemblies (0ms)
				RefreshPlugins (1ms)
				BeforeProcessingInitializeOnLoad (87ms)
				ProcessInitializeOnLoadAttributes (257ms)
				ProcessInitializeOnLoadMethodAttributes (11ms)
				AfterProcessingInitializeOnLoad (9ms)
				EditorAssembliesLoaded (0ms)
			ExecutionOrderSort2 (0ms)
			AwakeInstancesAfterBackupRestoration (12ms)
Platform modules already initialized, skipping
Refreshing native plugins compatible for Editor in 1.41 ms, found 2 plugins.
Preloading 0 native plugins for Editor in 0.00 ms.
Unloading 2700 Unused Serialized files (Serialized files now loaded: 0)
System memory in use before: 129.1 MB.
System memory in use after: 129.3 MB.

Unloading 15 unused Assets to reduce memory usage. Loaded Objects now: 3263.
Total: 3.488800 ms (FindLiveObjects: 0.232700 ms CreateObjectMapping: 0.112600 ms MarkObjects: 3.126500 ms  DeleteObjects: 0.016000 ms)

AssetImportParameters requested are different than current active one (requested -> active):
  custom:framework-win-MediaFoundation: 216162199b28c13a410421893ffa2e32 -> 
  custom:video-decoder-ogg-theora: a1e56fd34408186e4bbccfd4996cb3dc -> 
  custom:container-muxer-webm: aa71ff27fc2769a1b78a27578f13a17b -> 
  custom:container-demuxer-webm: 4f35f7cbe854078d1ac9338744f61a02 -> 
  custom:container-demuxer-ogg: 62fdf1f143b41e24485cea50d1cbac27 -> 
  custom:video-encoder-webm-vp8: eb34c28f22e8b96e1ab97ce403110664 -> 
  custom:video-decoder-webm-vp8: 9c59270c3fd7afecdb556c50c9e8de78 -> 
  custom:audio-decoder-ogg-vorbis: bf7c407c2cedff20999df2af8eb42d56 -> 
  custom:audio-encoder-webm-vorbis: bf7c407c2cedff20999df2af8eb42d56 -> 
========================================================================
Received Prepare
Registering precompiled user dll's ...
Registered in 0.004541 seconds.
Begin MonoManager ReloadAssembly
Native extension for WindowsStandalone target not found
Refreshing native plugins compatible for Editor in 0.56 ms, found 2 plugins.
Preloading 0 native plugins for Editor in 0.00 ms.
Mono: successfully reloaded assembly
- Completed reload, in  1.156 seconds
Domain Reload Profiling:
	ReloadAssembly (1156ms)
		BeginReloadAssembly (125ms)
			ExecutionOrderSort (0ms)
			DisableScriptedObjects (5ms)
			BackupInstance (0ms)
			ReleaseScriptingObjects (0ms)
			CreateAndSetChildDomain (33ms)
		EndReloadAssembly (948ms)
			LoadAssemblies (111ms)
			RebuildTransferFunctionScriptingTraits (0ms)
			SetupTypeCache (315ms)
			ReleaseScriptCaches (1ms)
			RebuildScriptCaches (50ms)
			SetupLoadedEditorAssemblies (330ms)
				LogAssemblyErrors (0ms)
				InitializePlatformSupportModulesInManaged (4ms)
				SetLoadedEditorAssemblies (1ms)
				RefreshPlugins (1ms)
				BeforeProcessingInitializeOnLoad (99ms)
				ProcessInitializeOnLoadAttributes (208ms)
				ProcessInitializeOnLoadMethodAttributes (10ms)
				AfterProcessingInitializeOnLoad (7ms)
				EditorAssembliesLoaded (0ms)
			ExecutionOrderSort2 (0ms)
			AwakeInstancesAfterBackupRestoration (12ms)
Platform modules already initialized, skipping
Refreshing native plugins compatible for Editor in 0.79 ms, found 2 plugins.
Preloading 0 native plugins for Editor in 0.00 ms.
Unloading 2700 Unused Serialized files (Serialized files now loaded: 0)
System memory in use before: 129.1 MB.
System memory in use after: 129.3 MB.

Unloading 15 unused Assets to reduce memory usage. Loaded Objects now: 3265.
Total: 4.950800 ms (FindLiveObjects: 0.353300 ms CreateObjectMapping: 0.142900 ms MarkObjects: 4.426800 ms  DeleteObjects: 0.026500 ms)

AssetImportParameters requested are different than current active one (requested -> active):
  custom:framework-win-MediaFoundation: 216162199b28c13a410421893ffa2e32 -> 
  custom:video-decoder-ogg-theora: a1e56fd34408186e4bbccfd4996cb3dc -> 
  custom:container-muxer-webm: aa71ff27fc2769a1b78a27578f13a17b -> 
  custom:container-demuxer-webm: 4f35f7cbe854078d1ac9338744f61a02 -> 
  custom:container-demuxer-ogg: 62fdf1f143b41e24485cea50d1cbac27 -> 
  custom:video-encoder-webm-vp8: eb34c28f22e8b96e1ab97ce403110664 -> 
  custom:video-decoder-webm-vp8: 9c59270c3fd7afecdb556c50c9e8de78 -> 
  custom:audio-decoder-ogg-vorbis: bf7c407c2cedff20999df2af8eb42d56 -> 
  custom:audio-encoder-webm-vorbis: bf7c407c2cedff20999df2af8eb42d56 -> 
========================================================================
Received Prepare
Registering precompiled user dll's ...
Registered in 0.004226 seconds.
Begin MonoManager ReloadAssembly
Native extension for WindowsStandalone target not found
Refreshing native plugins compatible for Editor in 0.99 ms, found 2 plugins.
Preloading 0 native plugins for Editor in 0.00 ms.
Mono: successfully reloaded assembly
- Completed reload, in  1.177 seconds
Domain Reload Profiling:
	ReloadAssembly (1178ms)
		BeginReloadAssembly (125ms)
			ExecutionOrderSort (0ms)
			DisableScriptedObjects (4ms)
			BackupInstance (0ms)
			ReleaseScriptingObjects (0ms)
			CreateAndSetChildDomain (31ms)
		EndReloadAssembly (979ms)
			LoadAssemblies (111ms)
			RebuildTransferFunctionScriptingTraits (0ms)
			SetupTypeCache (321ms)
			ReleaseScriptCaches (1ms)
			RebuildScriptCaches (46ms)
			SetupLoadedEditorAssemblies (383ms)
				LogAssemblyErrors (0ms)
				InitializePlatformSupportModulesInManaged (4ms)
				SetLoadedEditorAssemblies (1ms)
				RefreshPlugins (1ms)
				BeforeProcessingInitializeOnLoad (102ms)
				ProcessInitializeOnLoadAttributes (257ms)
				ProcessInitializeOnLoadMethodAttributes (10ms)
				AfterProcessingInitializeOnLoad (7ms)
				EditorAssembliesLoaded (1ms)
			ExecutionOrderSort2 (0ms)
			AwakeInstancesAfterBackupRestoration (10ms)
Platform modules already initialized, skipping
Refreshing native plugins compatible for Editor in 1.89 ms, found 2 plugins.
Preloading 0 native plugins for Editor in 0.00 ms.
Unloading 2700 Unused Serialized files (Serialized files now loaded: 0)
System memory in use before: 129.1 MB.
System memory in use after: 129.3 MB.

Unloading 15 unused Assets to reduce memory usage. Loaded Objects now: 3267.
Total: 3.775200 ms (FindLiveObjects: 0.614200 ms CreateObjectMapping: 0.270300 ms MarkObjects: 2.870300 ms  DeleteObjects: 0.019400 ms)

AssetImportParameters requested are different than current active one (requested -> active):
  custom:framework-win-MediaFoundation: 216162199b28c13a410421893ffa2e32 -> 
  custom:video-decoder-ogg-theora: a1e56fd34408186e4bbccfd4996cb3dc -> 
  custom:container-muxer-webm: aa71ff27fc2769a1b78a27578f13a17b -> 
  custom:container-demuxer-webm: 4f35f7cbe854078d1ac9338744f61a02 -> 
  custom:container-demuxer-ogg: 62fdf1f143b41e24485cea50d1cbac27 -> 
  custom:video-encoder-webm-vp8: eb34c28f22e8b96e1ab97ce403110664 -> 
  custom:video-decoder-webm-vp8: 9c59270c3fd7afecdb556c50c9e8de78 -> 
  custom:audio-decoder-ogg-vorbis: bf7c407c2cedff20999df2af8eb42d56 -> 
  custom:audio-encoder-webm-vorbis: bf7c407c2cedff20999df2af8eb42d56 -> 
========================================================================
Received Prepare
Registering precompiled user dll's ...
Registered in 0.004397 seconds.
Begin MonoManager ReloadAssembly
Native extension for WindowsStandalone target not found
Refreshing native plugins compatible for Editor in 0.90 ms, found 2 plugins.
Preloading 0 native plugins for Editor in 0.00 ms.
Mono: successfully reloaded assembly
- Completed reload, in  1.174 seconds
Domain Reload Profiling:
	ReloadAssembly (1174ms)
		BeginReloadAssembly (127ms)
			ExecutionOrderSort (0ms)
			DisableScriptedObjects (5ms)
			BackupInstance (0ms)
			ReleaseScriptingObjects (0ms)
			CreateAndSetChildDomain (32ms)
		EndReloadAssembly (974ms)
			LoadAssemblies (119ms)
			RebuildTransferFunctionScriptingTraits (0ms)
			SetupTypeCache (304ms)
			ReleaseScriptCaches (1ms)
			RebuildScriptCaches (70ms)
			SetupLoadedEditorAssemblies (311ms)
				LogAssemblyErrors (0ms)
				InitializePlatformSupportModulesInManaged (4ms)
				SetLoadedEditorAssemblies (1ms)
				RefreshPlugins (1ms)
				BeforeProcessingInitializeOnLoad (93ms)
				ProcessInitializeOnLoadAttributes (195ms)
				ProcessInitializeOnLoadMethodAttributes (10ms)
				AfterProcessingInitializeOnLoad (7ms)
				EditorAssembliesLoaded (0ms)
			ExecutionOrderSort2 (0ms)
			AwakeInstancesAfterBackupRestoration (10ms)
Platform modules already initialized, skipping
Refreshing native plugins compatible for Editor in 0.68 ms, found 2 plugins.
Preloading 0 native plugins for Editor in 0.00 ms.
Unloading 2700 Unused Serialized files (Serialized files now loaded: 0)
System memory in use before: 129.1 MB.
System memory in use after: 129.3 MB.

Unloading 15 unused Assets to reduce memory usage. Loaded Objects now: 3269.
Total: 3.506300 ms (FindLiveObjects: 0.245700 ms CreateObjectMapping: 0.143700 ms MarkObjects: 2.836100 ms  DeleteObjects: 0.279900 ms)

AssetImportParameters requested are different than current active one (requested -> active):
  custom:framework-win-MediaFoundation: 216162199b28c13a410421893ffa2e32 -> 
  custom:video-decoder-ogg-theora: a1e56fd34408186e4bbccfd4996cb3dc -> 
  custom:container-muxer-webm: aa71ff27fc2769a1b78a27578f13a17b -> 
  custom:container-demuxer-webm: 4f35f7cbe854078d1ac9338744f61a02 -> 
  custom:container-demuxer-ogg: 62fdf1f143b41e24485cea50d1cbac27 -> 
  custom:video-encoder-webm-vp8: eb34c28f22e8b96e1ab97ce403110664 -> 
  custom:video-decoder-webm-vp8: 9c59270c3fd7afecdb556c50c9e8de78 -> 
  custom:audio-decoder-ogg-vorbis: bf7c407c2cedff20999df2af8eb42d56 -> 
  custom:audio-encoder-webm-vorbis: bf7c407c2cedff20999df2af8eb42d56 -> 
========================================================================
Received Prepare
Registering precompiled user dll's ...
Registered in 0.004995 seconds.
Begin MonoManager ReloadAssembly
Native extension for WindowsStandalone target not found
Refreshing native plugins compatible for Editor in 0.58 ms, found 2 plugins.
Preloading 0 native plugins for Editor in 0.00 ms.
Mono: successfully reloaded assembly
- Completed reload, in  1.113 seconds
Domain Reload Profiling:
	ReloadAssembly (1114ms)
		BeginReloadAssembly (133ms)
			ExecutionOrderSort (0ms)
			DisableScriptedObjects (6ms)
			BackupInstance (0ms)
			ReleaseScriptingObjects (0ms)
			CreateAndSetChildDomain (31ms)
		EndReloadAssembly (911ms)
			LoadAssemblies (111ms)
			RebuildTransferFunctionScriptingTraits (0ms)
			SetupTypeCache (309ms)
			ReleaseScriptCaches (1ms)
			RebuildScriptCaches (40ms)
			SetupLoadedEditorAssemblies (356ms)
				LogAssemblyErrors (0ms)
				InitializePlatformSupportModulesInManaged (4ms)
				SetLoadedEditorAssemblies (1ms)
				RefreshPlugins (1ms)
				BeforeProcessingInitializeOnLoad (126ms)
				ProcessInitializeOnLoadAttributes (205ms)
				ProcessInitializeOnLoadMethodAttributes (11ms)
				AfterProcessingInitializeOnLoad (8ms)
				EditorAssembliesLoaded (0ms)
			ExecutionOrderSort2 (0ms)
			AwakeInstancesAfterBackupRestoration (10ms)
Platform modules already initialized, skipping
Refreshing native plugins compatible for Editor in 0.74 ms, found 2 plugins.
Preloading 0 native plugins for Editor in 0.00 ms.
Unloading 2700 Unused Serialized files (Serialized files now loaded: 0)
System memory in use before: 129.1 MB.
System memory in use after: 129.3 MB.

Unloading 15 unused Assets to reduce memory usage. Loaded Objects now: 3271.
Total: 3.646700 ms (FindLiveObjects: 0.221100 ms CreateObjectMapping: 0.199000 ms MarkObjects: 3.208900 ms  DeleteObjects: 0.016500 ms)

AssetImportParameters requested are different than current active one (requested -> active):
  custom:framework-win-MediaFoundation: 216162199b28c13a410421893ffa2e32 -> 
  custom:video-decoder-ogg-theora: a1e56fd34408186e4bbccfd4996cb3dc -> 
  custom:container-muxer-webm: aa71ff27fc2769a1b78a27578f13a17b -> 
  custom:container-demuxer-webm: 4f35f7cbe854078d1ac9338744f61a02 -> 
  custom:container-demuxer-ogg: 62fdf1f143b41e24485cea50d1cbac27 -> 
  custom:video-encoder-webm-vp8: eb34c28f22e8b96e1ab97ce403110664 -> 
  custom:video-decoder-webm-vp8: 9c59270c3fd7afecdb556c50c9e8de78 -> 
  custom:audio-decoder-ogg-vorbis: bf7c407c2cedff20999df2af8eb42d56 -> 
  custom:audio-encoder-webm-vorbis: bf7c407c2cedff20999df2af8eb42d56 -> 
========================================================================
Received Prepare
Registering precompiled user dll's ...
Registered in 0.004069 seconds.
Begin MonoManager ReloadAssembly
Native extension for WindowsStandalone target not found
Refreshing native plugins compatible for Editor in 0.55 ms, found 2 plugins.
Preloading 0 native plugins for Editor in 0.00 ms.
Mono: successfully reloaded assembly
- Completed reload, in  1.142 seconds
Domain Reload Profiling:
	ReloadAssembly (1142ms)
		BeginReloadAssembly (132ms)
			ExecutionOrderSort (0ms)
			DisableScriptedObjects (5ms)
			BackupInstance (0ms)
			ReleaseScriptingObjects (0ms)
			CreateAndSetChildDomain (33ms)
		EndReloadAssembly (939ms)
			LoadAssemblies (103ms)
			RebuildTransferFunctionScriptingTraits (0ms)
			SetupTypeCache (322ms)
			ReleaseScriptCaches (1ms)
			RebuildScriptCaches (42ms)
			SetupLoadedEditorAssemblies (304ms)
				LogAssemblyErrors (0ms)
				InitializePlatformSupportModulesInManaged (5ms)
				SetLoadedEditorAssemblies (1ms)
				RefreshPlugins (1ms)
				BeforeProcessingInitializeOnLoad (86ms)
				ProcessInitializeOnLoadAttributes (196ms)
				ProcessInitializeOnLoadMethodAttributes (9ms)
				AfterProcessingInitializeOnLoad (7ms)
				EditorAssembliesLoaded (0ms)
			ExecutionOrderSort2 (0ms)
			AwakeInstancesAfterBackupRestoration (10ms)
Platform modules already initialized, skipping
Refreshing native plugins compatible for Editor in 0.65 ms, found 2 plugins.
Preloading 0 native plugins for Editor in 0.00 ms.
Unloading 2700 Unused Serialized files (Serialized files now loaded: 0)
System memory in use before: 129.1 MB.
System memory in use after: 129.3 MB.

Unloading 15 unused Assets to reduce memory usage. Loaded Objects now: 3273.
Total: 4.608300 ms (FindLiveObjects: 0.335300 ms CreateObjectMapping: 0.157500 ms MarkObjects: 3.860400 ms  DeleteObjects: 0.253900 ms)

AssetImportParameters requested are different than current active one (requested -> active):
  custom:framework-win-MediaFoundation: 216162199b28c13a410421893ffa2e32 -> 
  custom:video-decoder-ogg-theora: a1e56fd34408186e4bbccfd4996cb3dc -> 
  custom:container-muxer-webm: aa71ff27fc2769a1b78a27578f13a17b -> 
  custom:container-demuxer-webm: 4f35f7cbe854078d1ac9338744f61a02 -> 
  custom:container-demuxer-ogg: 62fdf1f143b41e24485cea50d1cbac27 -> 
  custom:video-encoder-webm-vp8: eb34c28f22e8b96e1ab97ce403110664 -> 
  custom:video-decoder-webm-vp8: 9c59270c3fd7afecdb556c50c9e8de78 -> 
  custom:audio-decoder-ogg-vorbis: bf7c407c2cedff20999df2af8eb42d56 -> 
  custom:audio-encoder-webm-vorbis: bf7c407c2cedff20999df2af8eb42d56 -> 
========================================================================
Received Prepare
Registering precompiled user dll's ...
Registered in 0.004411 seconds.
Begin MonoManager ReloadAssembly
Native extension for WindowsStandalone target not found
Refreshing native plugins compatible for Editor in 0.52 ms, found 2 plugins.
Preloading 0 native plugins for Editor in 0.00 ms.
Mono: successfully reloaded assembly
- Completed reload, in  1.142 seconds
Domain Reload Profiling:
	ReloadAssembly (1142ms)
		BeginReloadAssembly (128ms)
			ExecutionOrderSort (0ms)
			DisableScriptedObjects (5ms)
			BackupInstance (0ms)
			ReleaseScriptingObjects (0ms)
			CreateAndSetChildDomain (38ms)
		EndReloadAssembly (934ms)
			LoadAssemblies (111ms)
			RebuildTransferFunctionScriptingTraits (0ms)
			SetupTypeCache (304ms)
			ReleaseScriptCaches (1ms)
			RebuildScriptCaches (42ms)
			SetupLoadedEditorAssemblies (324ms)
				LogAssemblyErrors (0ms)
				InitializePlatformSupportModulesInManaged (3ms)
				SetLoadedEditorAssemblies (0ms)
				RefreshPlugins (1ms)
				BeforeProcessingInitializeOnLoad (89ms)
				ProcessInitializeOnLoadAttributes (211ms)
				ProcessInitializeOnLoadMethodAttributes (9ms)
				AfterProcessingInitializeOnLoad (10ms)
				EditorAssembliesLoaded (0ms)
			ExecutionOrderSort2 (0ms)
			AwakeInstancesAfterBackupRestoration (16ms)
Platform modules already initialized, skipping
Refreshing native plugins compatible for Editor in 0.59 ms, found 2 plugins.
Preloading 0 native plugins for Editor in 0.00 ms.
Unloading 2700 Unused Serialized files (Serialized files now loaded: 0)
System memory in use before: 129.1 MB.
System memory in use after: 129.3 MB.

Unloading 15 unused Assets to reduce memory usage. Loaded Objects now: 3275.
Total: 2.856200 ms (FindLiveObjects: 0.230700 ms CreateObjectMapping: 0.112500 ms MarkObjects: 2.497400 ms  DeleteObjects: 0.014800 ms)

AssetImportParameters requested are different than current active one (requested -> active):
  custom:framework-win-MediaFoundation: 216162199b28c13a410421893ffa2e32 -> 
  custom:video-decoder-ogg-theora: a1e56fd34408186e4bbccfd4996cb3dc -> 
  custom:container-muxer-webm: aa71ff27fc2769a1b78a27578f13a17b -> 
  custom:container-demuxer-webm: 4f35f7cbe854078d1ac9338744f61a02 -> 
  custom:container-demuxer-ogg: 62fdf1f143b41e24485cea50d1cbac27 -> 
  custom:video-encoder-webm-vp8: eb34c28f22e8b96e1ab97ce403110664 -> 
  custom:video-decoder-webm-vp8: 9c59270c3fd7afecdb556c50c9e8de78 -> 
  custom:audio-decoder-ogg-vorbis: bf7c407c2cedff20999df2af8eb42d56 -> 
  custom:audio-encoder-webm-vorbis: bf7c407c2cedff20999df2af8eb42d56 -> 
========================================================================
Received Prepare
Registering precompiled user dll's ...
Registered in 0.003887 seconds.
Begin MonoManager ReloadAssembly
Native extension for WindowsStandalone target not found
Refreshing native plugins compatible for Editor in 1.10 ms, found 2 plugins.
Preloading 0 native plugins for Editor in 0.00 ms.
Mono: successfully reloaded assembly
- Completed reload, in  1.173 seconds
Domain Reload Profiling:
	ReloadAssembly (1174ms)
		BeginReloadAssembly (131ms)
			ExecutionOrderSort (0ms)
			DisableScriptedObjects (4ms)
			BackupInstance (0ms)
			ReleaseScriptingObjects (0ms)
			CreateAndSetChildDomain (32ms)
		EndReloadAssembly (962ms)
			LoadAssemblies (121ms)
			RebuildTransferFunctionScriptingTraits (0ms)
			SetupTypeCache (309ms)
			ReleaseScriptCaches (2ms)
			RebuildScriptCaches (42ms)
			SetupLoadedEditorAssemblies (407ms)
				LogAssemblyErrors (0ms)
				InitializePlatformSupportModulesInManaged (4ms)
				SetLoadedEditorAssemblies (1ms)
				RefreshPlugins (1ms)
				BeforeProcessingInitializeOnLoad (155ms)
				ProcessInitializeOnLoadAttributes (226ms)
				ProcessInitializeOnLoadMethodAttributes (12ms)
				AfterProcessingInitializeOnLoad (9ms)
				EditorAssembliesLoaded (0ms)
			ExecutionOrderSort2 (0ms)
			AwakeInstancesAfterBackupRestoration (11ms)
Platform modules already initialized, skipping
Refreshing native plugins compatible for Editor in 0.60 ms, found 2 plugins.
Preloading 0 native plugins for Editor in 0.00 ms.
Unloading 2700 Unused Serialized files (Serialized files now loaded: 0)
System memory in use before: 129.1 MB.
System memory in use after: 129.3 MB.

Unloading 15 unused Assets to reduce memory usage. Loaded Objects now: 3277.
Total: 3.695900 ms (FindLiveObjects: 0.252500 ms CreateObjectMapping: 0.101500 ms MarkObjects: 3.086900 ms  DeleteObjects: 0.254400 ms)

AssetImportParameters requested are different than current active one (requested -> active):
  custom:framework-win-MediaFoundation: 216162199b28c13a410421893ffa2e32 -> 
  custom:video-decoder-ogg-theora: a1e56fd34408186e4bbccfd4996cb3dc -> 
  custom:container-muxer-webm: aa71ff27fc2769a1b78a27578f13a17b -> 
  custom:container-demuxer-webm: 4f35f7cbe854078d1ac9338744f61a02 -> 
  custom:container-demuxer-ogg: 62fdf1f143b41e24485cea50d1cbac27 -> 
  custom:video-encoder-webm-vp8: eb34c28f22e8b96e1ab97ce403110664 -> 
  custom:video-decoder-webm-vp8: 9c59270c3fd7afecdb556c50c9e8de78 -> 
  custom:audio-decoder-ogg-vorbis: bf7c407c2cedff20999df2af8eb42d56 -> 
  custom:audio-encoder-webm-vorbis: bf7c407c2cedff20999df2af8eb42d56 -> 
========================================================================
Received Import Request.
  Time since last request: 4205.478254 seconds.
  path: Assets/Editor
  artifactKey: Guid(f887dee1ffa8eab4d9464523cadb3a86) Importer(815301076,1909f56bfc062723c751e8b465ee728b)
Start importing Assets/Editor using Guid(f887dee1ffa8eab4d9464523cadb3a86) Importer(815301076,1909f56bfc062723c751e8b465ee728b)  -> (artifact id: '2f62b4522600ce67fd47aa30435df0a4') in 0.017340 seconds 
  Import took 0.026850 seconds .

========================================================================
Received Import Request.
  Time since last request: 7.009835 seconds.
  path: Assets/Editor/ScriptableObjectUtility.cs
  artifactKey: Guid(a58527a271bb7884fbccaf6f3bca141b) Importer(815301076,1909f56bfc062723c751e8b465ee728b)
Start importing Assets/Editor/ScriptableObjectUtility.cs using Guid(a58527a271bb7884fbccaf6f3bca141b) Importer(815301076,1909f56bfc062723c751e8b465ee728b)  -> (artifact id: 'fd05bf9a17f77ce3f599aa1a07529959') in 0.005243 seconds 
  Import took 0.014133 seconds .

========================================================================
Received Prepare
Registering precompiled user dll's ...
Registered in 0.006144 seconds.
Begin MonoManager ReloadAssembly
Native extension for WindowsStandalone target not found
Refreshing native plugins compatible for Editor in 0.52 ms, found 2 plugins.
Preloading 0 native plugins for Editor in 0.00 ms.
Mono: successfully reloaded assembly
- Completed reload, in  1.584 seconds
Domain Reload Profiling:
	ReloadAssembly (1584ms)
		BeginReloadAssembly (228ms)
			ExecutionOrderSort (0ms)
			DisableScriptedObjects (10ms)
			BackupInstance (0ms)
			ReleaseScriptingObjects (0ms)
			CreateAndSetChildDomain (57ms)
		EndReloadAssembly (1262ms)
			LoadAssemblies (182ms)
			RebuildTransferFunctionScriptingTraits (0ms)
			SetupTypeCache (470ms)
			ReleaseScriptCaches (25ms)
			RebuildScriptCaches (58ms)
			SetupLoadedEditorAssemblies (444ms)
				LogAssemblyErrors (0ms)
				InitializePlatformSupportModulesInManaged (8ms)
				SetLoadedEditorAssemblies (0ms)
				RefreshPlugins (1ms)
				BeforeProcessingInitializeOnLoad (115ms)
				ProcessInitializeOnLoadAttributes (302ms)
				ProcessInitializeOnLoadMethodAttributes (9ms)
				AfterProcessingInitializeOnLoad (9ms)
				EditorAssembliesLoaded (0ms)
			ExecutionOrderSort2 (0ms)
			AwakeInstancesAfterBackupRestoration (13ms)
Platform modules already initialized, skipping
Refreshing native plugins compatible for Editor in 0.60 ms, found 2 plugins.
Preloading 0 native plugins for Editor in 0.00 ms.
Unloading 2701 Unused Serialized files (Serialized files now loaded: 0)
System memory in use before: 129.1 MB.
System memory in use after: 129.3 MB.

Unloading 15 unused Assets to reduce memory usage. Loaded Objects now: 3280.
Total: 4.643400 ms (FindLiveObjects: 0.531100 ms CreateObjectMapping: 0.227500 ms MarkObjects: 3.836500 ms  DeleteObjects: 0.046500 ms)

AssetImportParameters requested are different than current active one (requested -> active):
  custom:framework-win-MediaFoundation: 216162199b28c13a410421893ffa2e32 -> 
  custom:video-decoder-ogg-theora: a1e56fd34408186e4bbccfd4996cb3dc -> 
  custom:container-muxer-webm: aa71ff27fc2769a1b78a27578f13a17b -> 
  custom:container-demuxer-webm: 4f35f7cbe854078d1ac9338744f61a02 -> 
  custom:container-demuxer-ogg: 62fdf1f143b41e24485cea50d1cbac27 -> 
  custom:video-encoder-webm-vp8: eb34c28f22e8b96e1ab97ce403110664 -> 
  custom:video-decoder-webm-vp8: 9c59270c3fd7afecdb556c50c9e8de78 -> 
  custom:audio-decoder-ogg-vorbis: bf7c407c2cedff20999df2af8eb42d56 -> 
  custom:audio-encoder-webm-vorbis: bf7c407c2cedff20999df2af8eb42d56 -> 
========================================================================
Received Import Request.
  Time since last request: 34.682046 seconds.
  path: Assets/Editor/ScriptableObjectUtility.cs
  artifactKey: Guid(a58527a271bb7884fbccaf6f3bca141b) Importer(815301076,1909f56bfc062723c751e8b465ee728b)
Start importing Assets/Editor/ScriptableObjectUtility.cs using Guid(a58527a271bb7884fbccaf6f3bca141b) Importer(815301076,1909f56bfc062723c751e8b465ee728b)  -> (artifact id: '00000000000000000000000000000000') in 0.002192 seconds  code(4) message(Build asset version error: assets/editor/scriptableobjectutility.cs in SourceAssetDB has modification time of '2022-01-23T10:29:21.887554Z' while content on disk has modification time of '2022-01-23T10:29:22.1548395Z')
  ERROR: Build asset version error: assets/editor/scriptableobjectutility.cs in SourceAssetDB has modification time of '2022-01-23T10:29:21.887554Z' while content on disk has modification time of '2022-01-23T10:29:22.1548395Z'
  Import took 0.010637 seconds .

========================================================================
Received Prepare
Registering precompiled user dll's ...
Registered in 0.006535 seconds.
Begin MonoManager ReloadAssembly
Native extension for WindowsStandalone target not found
Refreshing native plugins compatible for Editor in 0.62 ms, found 2 plugins.
Preloading 0 native plugins for Editor in 0.00 ms.
Mono: successfully reloaded assembly
- Completed reload, in  1.314 seconds
Domain Reload Profiling:
	ReloadAssembly (1314ms)
		BeginReloadAssembly (142ms)
			ExecutionOrderSort (0ms)
			DisableScriptedObjects (6ms)
			BackupInstance (0ms)
			ReleaseScriptingObjects (0ms)
			CreateAndSetChildDomain (36ms)
		EndReloadAssembly (1094ms)
			LoadAssemblies (133ms)
			RebuildTransferFunctionScriptingTraits (0ms)
			SetupTypeCache (411ms)
			ReleaseScriptCaches (2ms)
			RebuildScriptCaches (77ms)
			SetupLoadedEditorAssemblies (356ms)
				LogAssemblyErrors (0ms)
				InitializePlatformSupportModulesInManaged (4ms)
				SetLoadedEditorAssemblies (0ms)
				RefreshPlugins (1ms)
				BeforeProcessingInitializeOnLoad (101ms)
				ProcessInitializeOnLoadAttributes (232ms)
				ProcessInitializeOnLoadMethodAttributes (10ms)
				AfterProcessingInitializeOnLoad (8ms)
				EditorAssembliesLoaded (0ms)
			ExecutionOrderSort2 (0ms)
			AwakeInstancesAfterBackupRestoration (11ms)
Platform modules already initialized, skipping
Refreshing native plugins compatible for Editor in 0.74 ms, found 2 plugins.
Preloading 0 native plugins for Editor in 0.00 ms.
Unloading 2701 Unused Serialized files (Serialized files now loaded: 0)
System memory in use before: 129.1 MB.
System memory in use after: 129.4 MB.

Unloading 15 unused Assets to reduce memory usage. Loaded Objects now: 3282.
Total: 3.512500 ms (FindLiveObjects: 0.371000 ms CreateObjectMapping: 0.116200 ms MarkObjects: 3.004200 ms  DeleteObjects: 0.020200 ms)

AssetImportParameters requested are different than current active one (requested -> active):
  custom:framework-win-MediaFoundation: 216162199b28c13a410421893ffa2e32 -> 
  custom:video-decoder-ogg-theora: a1e56fd34408186e4bbccfd4996cb3dc -> 
  custom:container-muxer-webm: aa71ff27fc2769a1b78a27578f13a17b -> 
  custom:container-demuxer-webm: 4f35f7cbe854078d1ac9338744f61a02 -> 
  custom:container-demuxer-ogg: 62fdf1f143b41e24485cea50d1cbac27 -> 
  custom:video-encoder-webm-vp8: eb34c28f22e8b96e1ab97ce403110664 -> 
  custom:video-decoder-webm-vp8: 9c59270c3fd7afecdb556c50c9e8de78 -> 
  custom:audio-decoder-ogg-vorbis: bf7c407c2cedff20999df2af8eb42d56 -> 
  custom:audio-encoder-webm-vorbis: bf7c407c2cedff20999df2af8eb42d56 -> 
========================================================================
Received Import Request.
  Time since last request: 53.735249 seconds.
  path: Assets/Editor/ScriptableObjectUtility.cs
  artifactKey: Guid(a58527a271bb7884fbccaf6f3bca141b) Importer(815301076,1909f56bfc062723c751e8b465ee728b)
Start importing Assets/Editor/ScriptableObjectUtility.cs using Guid(a58527a271bb7884fbccaf6f3bca141b) Importer(815301076,1909f56bfc062723c751e8b465ee728b)  -> (artifact id: 'e547db51149ff37c379f7ccc281f2cc8') in 0.006072 seconds 
  Import took 0.010663 seconds .

========================================================================
Received Import Request.
  Time since last request: 31.511217 seconds.
  path: Assets/Editor/BoardCreatorInspector.cs
  artifactKey: Guid(3f308a257968a7c4395a1e8e314cca31) Importer(815301076,1909f56bfc062723c751e8b465ee728b)
Start importing Assets/Editor/BoardCreatorInspector.cs using Guid(3f308a257968a7c4395a1e8e314cca31) Importer(815301076,1909f56bfc062723c751e8b465ee728b)  -> (artifact id: '0735aedd6f5ed226f11a46e79c72e95f') in 0.010622 seconds 
  Import took 0.021336 seconds .

========================================================================
Received Prepare
Registering precompiled user dll's ...
Registered in 0.004122 seconds.
Begin MonoManager ReloadAssembly
Native extension for WindowsStandalone target not found
Refreshing native plugins compatible for Editor in 0.64 ms, found 2 plugins.
Preloading 0 native plugins for Editor in 0.00 ms.
Mono: successfully reloaded assembly
- Completed reload, in  1.458 seconds
Domain Reload Profiling:
	ReloadAssembly (1459ms)
		BeginReloadAssembly (199ms)
			ExecutionOrderSort (0ms)
			DisableScriptedObjects (6ms)
			BackupInstance (0ms)
			ReleaseScriptingObjects (0ms)
			CreateAndSetChildDomain (47ms)
		EndReloadAssembly (1174ms)
			LoadAssemblies (169ms)
			RebuildTransferFunctionScriptingTraits (0ms)
			SetupTypeCache (388ms)
			ReleaseScriptCaches (2ms)
			RebuildScriptCaches (63ms)
			SetupLoadedEditorAssemblies (420ms)
				LogAssemblyErrors (0ms)
				InitializePlatformSupportModulesInManaged (4ms)
				SetLoadedEditorAssemblies (1ms)
				RefreshPlugins (1ms)
				BeforeProcessingInitializeOnLoad (134ms)
				ProcessInitializeOnLoadAttributes (262ms)
				ProcessInitializeOnLoadMethodAttributes (11ms)
				AfterProcessingInitializeOnLoad (7ms)
				EditorAssembliesLoaded (0ms)
			ExecutionOrderSort2 (0ms)
			AwakeInstancesAfterBackupRestoration (13ms)
Platform modules already initialized, skipping
Refreshing native plugins compatible for Editor in 0.74 ms, found 2 plugins.
Preloading 0 native plugins for Editor in 0.00 ms.
Unloading 2702 Unused Serialized files (Serialized files now loaded: 0)
System memory in use before: 129.2 MB.
System memory in use after: 129.4 MB.

Unloading 15 unused Assets to reduce memory usage. Loaded Objects now: 3285.
Total: 4.641400 ms (FindLiveObjects: 0.266900 ms CreateObjectMapping: 0.106400 ms MarkObjects: 4.062600 ms  DeleteObjects: 0.204200 ms)

AssetImportParameters requested are different than current active one (requested -> active):
  custom:framework-win-MediaFoundation: 216162199b28c13a410421893ffa2e32 -> 
  custom:video-decoder-ogg-theora: a1e56fd34408186e4bbccfd4996cb3dc -> 
  custom:container-muxer-webm: aa71ff27fc2769a1b78a27578f13a17b -> 
  custom:container-demuxer-webm: 4f35f7cbe854078d1ac9338744f61a02 -> 
  custom:container-demuxer-ogg: 62fdf1f143b41e24485cea50d1cbac27 -> 
  custom:video-encoder-webm-vp8: eb34c28f22e8b96e1ab97ce403110664 -> 
  custom:video-decoder-webm-vp8: 9c59270c3fd7afecdb556c50c9e8de78 -> 
  custom:audio-decoder-ogg-vorbis: bf7c407c2cedff20999df2af8eb42d56 -> 
  custom:audio-encoder-webm-vorbis: bf7c407c2cedff20999df2af8eb42d56 -> 
========================================================================
Received Import Request.
  Time since last request: 20.870664 seconds.
  path: Assets/Editor/BoardCreatorInspector.cs
  artifactKey: Guid(3f308a257968a7c4395a1e8e314cca31) Importer(815301076,1909f56bfc062723c751e8b465ee728b)
Start importing Assets/Editor/BoardCreatorInspector.cs using Guid(3f308a257968a7c4395a1e8e314cca31) Importer(815301076,1909f56bfc062723c751e8b465ee728b)  -> (artifact id: '9ea6749753ca0ce0576a522ee9633df8') in 0.015309 seconds 
  Import took 0.028714 seconds .

========================================================================
Received Import Request.
  Time since last request: 25.224286 seconds.
  path: Assets/Editor/BoardCreatorInspector.cs
  artifactKey: Guid(3f308a257968a7c4395a1e8e314cca31) Importer(815301076,1909f56bfc062723c751e8b465ee728b)
Start importing Assets/Editor/BoardCreatorInspector.cs using Guid(3f308a257968a7c4395a1e8e314cca31) Importer(815301076,1909f56bfc062723c751e8b465ee728b)  -> (artifact id: '00000000000000000000000000000000') in 0.000728 seconds  code(4) message(Build asset version error: assets/editor/boardcreatorinspector.cs in SourceAssetDB has modification time of '2022-01-23T10:31:33.3634929Z' while content on disk has modification time of '2022-01-23T10:31:33.5928805Z')
  ERROR: Build asset version error: assets/editor/boardcreatorinspector.cs in SourceAssetDB has modification time of '2022-01-23T10:31:33.3634929Z' while content on disk has modification time of '2022-01-23T10:31:33.5928805Z'
  Import took 0.010573 seconds .

========================================================================
Received Prepare
Registering precompiled user dll's ...
Registered in 0.005092 seconds.
Begin MonoManager ReloadAssembly
Native extension for WindowsStandalone target not found
Refreshing native plugins compatible for Editor in 0.91 ms, found 2 plugins.
Preloading 0 native plugins for Editor in 0.00 ms.
Mono: successfully reloaded assembly
- Completed reload, in  1.157 seconds
Domain Reload Profiling:
	ReloadAssembly (1158ms)
		BeginReloadAssembly (133ms)
			ExecutionOrderSort (0ms)
			DisableScriptedObjects (7ms)
			BackupInstance (0ms)
			ReleaseScriptingObjects (0ms)
			CreateAndSetChildDomain (39ms)
		EndReloadAssembly (929ms)
			LoadAssemblies (122ms)
			RebuildTransferFunctionScriptingTraits (0ms)
			SetupTypeCache (341ms)
			ReleaseScriptCaches (1ms)
			RebuildScriptCaches (49ms)
			SetupLoadedEditorAssemblies (313ms)
				LogAssemblyErrors (0ms)
				InitializePlatformSupportModulesInManaged (4ms)
				SetLoadedEditorAssemblies (1ms)
				RefreshPlugins (1ms)
				BeforeProcessingInitializeOnLoad (89ms)
				ProcessInitializeOnLoadAttributes (200ms)
				ProcessInitializeOnLoadMethodAttributes (9ms)
				AfterProcessingInitializeOnLoad (8ms)
				EditorAssembliesLoaded (0ms)
			ExecutionOrderSort2 (0ms)
			AwakeInstancesAfterBackupRestoration (10ms)
Platform modules already initialized, skipping
Refreshing native plugins compatible for Editor in 0.70 ms, found 2 plugins.
Preloading 0 native plugins for Editor in 0.00 ms.
Unloading 2702 Unused Serialized files (Serialized files now loaded: 0)
System memory in use before: 129.2 MB.
System memory in use after: 129.4 MB.

Unloading 15 unused Assets to reduce memory usage. Loaded Objects now: 3287.
Total: 4.100300 ms (FindLiveObjects: 0.524800 ms CreateObjectMapping: 0.231300 ms MarkObjects: 3.323100 ms  DeleteObjects: 0.019400 ms)

AssetImportParameters requested are different than current active one (requested -> active):
  custom:framework-win-MediaFoundation: 216162199b28c13a410421893ffa2e32 -> 
  custom:video-decoder-ogg-theora: a1e56fd34408186e4bbccfd4996cb3dc -> 
  custom:container-muxer-webm: aa71ff27fc2769a1b78a27578f13a17b -> 
  custom:container-demuxer-webm: 4f35f7cbe854078d1ac9338744f61a02 -> 
  custom:container-demuxer-ogg: 62fdf1f143b41e24485cea50d1cbac27 -> 
  custom:video-encoder-webm-vp8: eb34c28f22e8b96e1ab97ce403110664 -> 
  custom:video-decoder-webm-vp8: 9c59270c3fd7afecdb556c50c9e8de78 -> 
  custom:audio-decoder-ogg-vorbis: bf7c407c2cedff20999df2af8eb42d56 -> 
  custom:audio-encoder-webm-vorbis: bf7c407c2cedff20999df2af8eb42d56 -> 
========================================================================
Received Import Request.
  Time since last request: 6.548931 seconds.
  path: Assets/Editor/BoardCreatorInspector.cs
  artifactKey: Guid(3f308a257968a7c4395a1e8e314cca31) Importer(815301076,1909f56bfc062723c751e8b465ee728b)
Start importing Assets/Editor/BoardCreatorInspector.cs using Guid(3f308a257968a7c4395a1e8e314cca31) Importer(815301076,1909f56bfc062723c751e8b465ee728b)  -> (artifact id: '00000000000000000000000000000000') in 0.001534 seconds  code(4) message(Build asset version error: assets/editor/boardcreatorinspector.cs in SourceAssetDB has modification time of '2022-01-23T10:31:33.7848649Z' while content on disk has modification time of '2022-01-23T10:31:37.3724297Z')
  ERROR: Build asset version error: assets/editor/boardcreatorinspector.cs in SourceAssetDB has modification time of '2022-01-23T10:31:33.7848649Z' while content on disk has modification time of '2022-01-23T10:31:37.3724297Z'
  Import took 0.005755 seconds .

========================================================================
Received Prepare
Registering precompiled user dll's ...
Registered in 0.005554 seconds.
Begin MonoManager ReloadAssembly
Native extension for WindowsStandalone target not found
Refreshing native plugins compatible for Editor in 0.98 ms, found 2 plugins.
Preloading 0 native plugins for Editor in 0.00 ms.
Mono: successfully reloaded assembly
- Completed reload, in  1.177 seconds
Domain Reload Profiling:
	ReloadAssembly (1178ms)
		BeginReloadAssembly (147ms)
			ExecutionOrderSort (0ms)
			DisableScriptedObjects (5ms)
			BackupInstance (0ms)
			ReleaseScriptingObjects (0ms)
			CreateAndSetChildDomain (46ms)
		EndReloadAssembly (957ms)
			LoadAssemblies (128ms)
			RebuildTransferFunctionScriptingTraits (0ms)
			SetupTypeCache (362ms)
			ReleaseScriptCaches (1ms)
			RebuildScriptCaches (40ms)
			SetupLoadedEditorAssemblies (325ms)
				LogAssemblyErrors (0ms)
				InitializePlatformSupportModulesInManaged (4ms)
				SetLoadedEditorAssemblies (1ms)
				RefreshPlugins (1ms)
				BeforeProcessingInitializeOnLoad (93ms)
				ProcessInitializeOnLoadAttributes (210ms)
				ProcessInitializeOnLoadMethodAttributes (9ms)
				AfterProcessingInitializeOnLoad (7ms)
				EditorAssembliesLoaded (0ms)
			ExecutionOrderSort2 (0ms)
			AwakeInstancesAfterBackupRestoration (10ms)
Platform modules already initialized, skipping
Refreshing native plugins compatible for Editor in 0.97 ms, found 2 plugins.
Preloading 0 native plugins for Editor in 0.00 ms.
Unloading 2702 Unused Serialized files (Serialized files now loaded: 0)
System memory in use before: 129.2 MB.
System memory in use after: 129.4 MB.

Unloading 15 unused Assets to reduce memory usage. Loaded Objects now: 3289.
Total: 5.090500 ms (FindLiveObjects: 0.587200 ms CreateObjectMapping: 0.266000 ms MarkObjects: 4.200500 ms  DeleteObjects: 0.035000 ms)

AssetImportParameters requested are different than current active one (requested -> active):
  custom:framework-win-MediaFoundation: 216162199b28c13a410421893ffa2e32 -> 
  custom:video-decoder-ogg-theora: a1e56fd34408186e4bbccfd4996cb3dc -> 
  custom:container-muxer-webm: aa71ff27fc2769a1b78a27578f13a17b -> 
  custom:container-demuxer-webm: 4f35f7cbe854078d1ac9338744f61a02 -> 
  custom:container-demuxer-ogg: 62fdf1f143b41e24485cea50d1cbac27 -> 
  custom:video-encoder-webm-vp8: eb34c28f22e8b96e1ab97ce403110664 -> 
  custom:video-decoder-webm-vp8: 9c59270c3fd7afecdb556c50c9e8de78 -> 
  custom:audio-decoder-ogg-vorbis: bf7c407c2cedff20999df2af8eb42d56 -> 
  custom:audio-encoder-webm-vorbis: bf7c407c2cedff20999df2af8eb42d56 -> 
========================================================================
Received Import Request.
  Time since last request: 23.300529 seconds.
  path: Assets/Resources/Tilesets
  artifactKey: Guid(944fcac89f2e4e14c8265d2e04d1ca56) Importer(815301076,1909f56bfc062723c751e8b465ee728b)
Start importing Assets/Resources/Tilesets using Guid(944fcac89f2e4e14c8265d2e04d1ca56) Importer(815301076,1909f56bfc062723c751e8b465ee728b)  -> (artifact id: 'c36c1e2a3c0825f1fd3c495759ad7db4') in 0.016362 seconds 
  Import took 0.024621 seconds .

========================================================================
Received Import Request.
  Time since last request: 0.055392 seconds.
  path: Assets/Resources/Tilesets/BoardCreator.asset
  artifactKey: Guid(175080077d69307429f09548970bb780) Importer(815301076,1909f56bfc062723c751e8b465ee728b)
Start importing Assets/Resources/Tilesets/BoardCreator.asset using Guid(175080077d69307429f09548970bb780) Importer(815301076,1909f56bfc062723c751e8b465ee728b)  -> (artifact id: '2d0d474088d1434ac02fa560c54a8269') in 0.064946 seconds 
  Import took 0.070944 seconds .

========================================================================
Received Prepare
Registering precompiled user dll's ...
Registered in 0.004977 seconds.
Begin MonoManager ReloadAssembly
Native extension for WindowsStandalone target not found
Refreshing native plugins compatible for Editor in 0.59 ms, found 2 plugins.
Preloading 0 native plugins for Editor in 0.00 ms.
Mono: successfully reloaded assembly
- Completed reload, in  1.252 seconds
Domain Reload Profiling:
	ReloadAssembly (1253ms)
		BeginReloadAssembly (171ms)
			ExecutionOrderSort (0ms)
			DisableScriptedObjects (5ms)
			BackupInstance (0ms)
			ReleaseScriptingObjects (0ms)
			CreateAndSetChildDomain (52ms)
		EndReloadAssembly (975ms)
			LoadAssemblies (136ms)
			RebuildTransferFunctionScriptingTraits (0ms)
			SetupTypeCache (364ms)
			ReleaseScriptCaches (1ms)
			RebuildScriptCaches (49ms)
			SetupLoadedEditorAssemblies (321ms)
				LogAssemblyErrors (0ms)
				InitializePlatformSupportModulesInManaged (4ms)
				SetLoadedEditorAssemblies (1ms)
				RefreshPlugins (1ms)
				BeforeProcessingInitializeOnLoad (95ms)
				ProcessInitializeOnLoadAttributes (202ms)
				ProcessInitializeOnLoadMethodAttributes (9ms)
				AfterProcessingInitializeOnLoad (10ms)
				EditorAssembliesLoaded (0ms)
			ExecutionOrderSort2 (0ms)
			AwakeInstancesAfterBackupRestoration (11ms)
Platform modules already initialized, skipping
Refreshing native plugins compatible for Editor in 1.52 ms, found 2 plugins.
Preloading 0 native plugins for Editor in 0.00 ms.
Unloading 2702 Unused Serialized files (Serialized files now loaded: 0)
System memory in use before: 129.2 MB.
System memory in use after: 129.4 MB.

Unloading 15 unused Assets to reduce memory usage. Loaded Objects now: 3291.
Total: 5.723700 ms (FindLiveObjects: 0.447200 ms CreateObjectMapping: 0.222500 ms MarkObjects: 4.775300 ms  DeleteObjects: 0.277500 ms)

AssetImportParameters requested are different than current active one (requested -> active):
  custom:framework-win-MediaFoundation: 216162199b28c13a410421893ffa2e32 -> 
  custom:video-decoder-ogg-theora: a1e56fd34408186e4bbccfd4996cb3dc -> 
  custom:container-muxer-webm: aa71ff27fc2769a1b78a27578f13a17b -> 
  custom:container-demuxer-webm: 4f35f7cbe854078d1ac9338744f61a02 -> 
  custom:container-demuxer-ogg: 62fdf1f143b41e24485cea50d1cbac27 -> 
  custom:video-encoder-webm-vp8: eb34c28f22e8b96e1ab97ce403110664 -> 
  custom:video-decoder-webm-vp8: 9c59270c3fd7afecdb556c50c9e8de78 -> 
  custom:audio-decoder-ogg-vorbis: bf7c407c2cedff20999df2af8eb42d56 -> 
  custom:audio-encoder-webm-vorbis: bf7c407c2cedff20999df2af8eb42d56 -> 
========================================================================
Received Prepare
Registering precompiled user dll's ...
Registered in 0.004525 seconds.
Begin MonoManager ReloadAssembly
Native extension for WindowsStandalone target not found
Refreshing native plugins compatible for Editor in 0.58 ms, found 2 plugins.
Preloading 0 native plugins for Editor in 0.00 ms.
Mono: successfully reloaded assembly
- Completed reload, in  1.274 seconds
Domain Reload Profiling:
	ReloadAssembly (1274ms)
		BeginReloadAssembly (132ms)
			ExecutionOrderSort (0ms)
			DisableScriptedObjects (4ms)
			BackupInstance (0ms)
			ReleaseScriptingObjects (0ms)
			CreateAndSetChildDomain (36ms)
		EndReloadAssembly (1026ms)
			LoadAssemblies (125ms)
			RebuildTransferFunctionScriptingTraits (0ms)
			SetupTypeCache (348ms)
			ReleaseScriptCaches (2ms)
			RebuildScriptCaches (48ms)
			SetupLoadedEditorAssemblies (389ms)
				LogAssemblyErrors (0ms)
				InitializePlatformSupportModulesInManaged (4ms)
				SetLoadedEditorAssemblies (0ms)
				RefreshPlugins (1ms)
				BeforeProcessingInitializeOnLoad (110ms)
				ProcessInitializeOnLoadAttributes (253ms)
				ProcessInitializeOnLoadMethodAttributes (12ms)
				AfterProcessingInitializeOnLoad (9ms)
				EditorAssembliesLoaded (1ms)
			ExecutionOrderSort2 (0ms)
			AwakeInstancesAfterBackupRestoration (13ms)
Platform modules already initialized, skipping
Refreshing native plugins compatible for Editor in 0.64 ms, found 2 plugins.
Preloading 0 native plugins for Editor in 0.00 ms.
Unloading 2702 Unused Serialized files (Serialized files now loaded: 0)
System memory in use before: 129.2 MB.
System memory in use after: 129.4 MB.

Unloading 15 unused Assets to reduce memory usage. Loaded Objects now: 3293.
Total: 3.361100 ms (FindLiveObjects: 0.266300 ms CreateObjectMapping: 0.111000 ms MarkObjects: 2.928700 ms  DeleteObjects: 0.054400 ms)

AssetImportParameters requested are different than current active one (requested -> active):
  custom:framework-win-MediaFoundation: 216162199b28c13a410421893ffa2e32 -> 
  custom:video-decoder-ogg-theora: a1e56fd34408186e4bbccfd4996cb3dc -> 
  custom:container-muxer-webm: aa71ff27fc2769a1b78a27578f13a17b -> 
  custom:container-demuxer-webm: 4f35f7cbe854078d1ac9338744f61a02 -> 
  custom:container-demuxer-ogg: 62fdf1f143b41e24485cea50d1cbac27 -> 
  custom:video-encoder-webm-vp8: eb34c28f22e8b96e1ab97ce403110664 -> 
  custom:video-decoder-webm-vp8: 9c59270c3fd7afecdb556c50c9e8de78 -> 
  custom:audio-decoder-ogg-vorbis: bf7c407c2cedff20999df2af8eb42d56 -> 
  custom:audio-encoder-webm-vorbis: bf7c407c2cedff20999df2af8eb42d56 -> 
========================================================================
Received Prepare
Registering precompiled user dll's ...
Registered in 0.005450 seconds.
Begin MonoManager ReloadAssembly
Native extension for WindowsStandalone target not found
Refreshing native plugins compatible for Editor in 0.52 ms, found 2 plugins.
Preloading 0 native plugins for Editor in 0.00 ms.
Mono: successfully reloaded assembly
- Completed reload, in  1.221 seconds
Domain Reload Profiling:
	ReloadAssembly (1221ms)
		BeginReloadAssembly (136ms)
			ExecutionOrderSort (0ms)
			DisableScriptedObjects (5ms)
			BackupInstance (0ms)
			ReleaseScriptingObjects (0ms)
			CreateAndSetChildDomain (32ms)
		EndReloadAssembly (1001ms)
			LoadAssemblies (139ms)
			RebuildTransferFunctionScriptingTraits (0ms)
			SetupTypeCache (353ms)
			ReleaseScriptCaches (1ms)
			RebuildScriptCaches (55ms)
			SetupLoadedEditorAssemblies (340ms)
				LogAssemblyErrors (0ms)
				InitializePlatformSupportModulesInManaged (4ms)
				SetLoadedEditorAssemblies (0ms)
				RefreshPlugins (1ms)
				BeforeProcessingInitializeOnLoad (104ms)
				ProcessInitializeOnLoadAttributes (214ms)
				ProcessInitializeOnLoadMethodAttributes (9ms)
				AfterProcessingInitializeOnLoad (7ms)
				EditorAssembliesLoaded (0ms)
			ExecutionOrderSort2 (0ms)
			AwakeInstancesAfterBackupRestoration (9ms)
Platform modules already initialized, skipping
Refreshing native plugins compatible for Editor in 0.67 ms, found 2 plugins.
Preloading 0 native plugins for Editor in 0.00 ms.
Unloading 2702 Unused Serialized files (Serialized files now loaded: 0)
System memory in use before: 129.2 MB.
System memory in use after: 129.4 MB.

Unloading 15 unused Assets to reduce memory usage. Loaded Objects now: 3295.
Total: 3.445100 ms (FindLiveObjects: 0.250300 ms CreateObjectMapping: 0.127900 ms MarkObjects: 2.960200 ms  DeleteObjects: 0.105900 ms)

AssetImportParameters requested are different than current active one (requested -> active):
  custom:framework-win-MediaFoundation: 216162199b28c13a410421893ffa2e32 -> 
  custom:video-decoder-ogg-theora: a1e56fd34408186e4bbccfd4996cb3dc -> 
  custom:container-muxer-webm: aa71ff27fc2769a1b78a27578f13a17b -> 
  custom:container-demuxer-webm: 4f35f7cbe854078d1ac9338744f61a02 -> 
  custom:container-demuxer-ogg: 62fdf1f143b41e24485cea50d1cbac27 -> 
  custom:video-encoder-webm-vp8: eb34c28f22e8b96e1ab97ce403110664 -> 
  custom:video-decoder-webm-vp8: 9c59270c3fd7afecdb556c50c9e8de78 -> 
  custom:audio-decoder-ogg-vorbis: bf7c407c2cedff20999df2af8eb42d56 -> 
  custom:audio-encoder-webm-vorbis: bf7c407c2cedff20999df2af8eb42d56 -> 
========================================================================
Received Prepare
Registering precompiled user dll's ...
Registered in 0.004357 seconds.
Begin MonoManager ReloadAssembly
Native extension for WindowsStandalone target not found
Refreshing native plugins compatible for Editor in 0.95 ms, found 2 plugins.
Preloading 0 native plugins for Editor in 0.00 ms.
Mono: successfully reloaded assembly
- Completed reload, in  1.378 seconds
Domain Reload Profiling:
	ReloadAssembly (1378ms)
		BeginReloadAssembly (144ms)
			ExecutionOrderSort (0ms)
			DisableScriptedObjects (5ms)
			BackupInstance (0ms)
			ReleaseScriptingObjects (0ms)
			CreateAndSetChildDomain (40ms)
		EndReloadAssembly (1131ms)
			LoadAssemblies (128ms)
			RebuildTransferFunctionScriptingTraits (0ms)
			SetupTypeCache (423ms)
			ReleaseScriptCaches (1ms)
			RebuildScriptCaches (61ms)
			SetupLoadedEditorAssemblies (369ms)
				LogAssemblyErrors (0ms)
				InitializePlatformSupportModulesInManaged (5ms)
				SetLoadedEditorAssemblies (1ms)
				RefreshPlugins (1ms)
				BeforeProcessingInitializeOnLoad (125ms)
				ProcessInitializeOnLoadAttributes (219ms)
				ProcessInitializeOnLoadMethodAttributes (9ms)
				AfterProcessingInitializeOnLoad (9ms)
				EditorAssembliesLoaded (0ms)
			ExecutionOrderSort2 (0ms)
			AwakeInstancesAfterBackupRestoration (10ms)
Platform modules already initialized, skipping
Refreshing native plugins compatible for Editor in 0.71 ms, found 2 plugins.
Preloading 0 native plugins for Editor in 0.00 ms.
Unloading 2702 Unused Serialized files (Serialized files now loaded: 0)
System memory in use before: 129.2 MB.
System memory in use after: 129.4 MB.

Unloading 15 unused Assets to reduce memory usage. Loaded Objects now: 3297.
Total: 5.491200 ms (FindLiveObjects: 0.245300 ms CreateObjectMapping: 0.115300 ms MarkObjects: 5.060800 ms  DeleteObjects: 0.068400 ms)

AssetImportParameters requested are different than current active one (requested -> active):
  custom:framework-win-MediaFoundation: 216162199b28c13a410421893ffa2e32 -> 
  custom:video-decoder-ogg-theora: a1e56fd34408186e4bbccfd4996cb3dc -> 
  custom:container-muxer-webm: aa71ff27fc2769a1b78a27578f13a17b -> 
  custom:container-demuxer-webm: 4f35f7cbe854078d1ac9338744f61a02 -> 
  custom:container-demuxer-ogg: 62fdf1f143b41e24485cea50d1cbac27 -> 
  custom:video-encoder-webm-vp8: eb34c28f22e8b96e1ab97ce403110664 -> 
  custom:video-decoder-webm-vp8: 9c59270c3fd7afecdb556c50c9e8de78 -> 
  custom:audio-decoder-ogg-vorbis: bf7c407c2cedff20999df2af8eb42d56 -> 
  custom:audio-encoder-webm-vorbis: bf7c407c2cedff20999df2af8eb42d56 -> 
========================================================================
Received Prepare
Registering precompiled user dll's ...
Registered in 0.006097 seconds.
Begin MonoManager ReloadAssembly
Native extension for WindowsStandalone target not found
Refreshing native plugins compatible for Editor in 0.51 ms, found 2 plugins.
Preloading 0 native plugins for Editor in 0.00 ms.
Mono: successfully reloaded assembly
- Completed reload, in  1.264 seconds
Domain Reload Profiling:
	ReloadAssembly (1264ms)
		BeginReloadAssembly (137ms)
			ExecutionOrderSort (0ms)
			DisableScriptedObjects (4ms)
			BackupInstance (0ms)
			ReleaseScriptingObjects (0ms)
			CreateAndSetChildDomain (37ms)
		EndReloadAssembly (1050ms)
			LoadAssemblies (113ms)
			RebuildTransferFunctionScriptingTraits (0ms)
			SetupTypeCache (335ms)
			ReleaseScriptCaches (1ms)
			RebuildScriptCaches (46ms)
			SetupLoadedEditorAssemblies (438ms)
				LogAssemblyErrors (0ms)
				InitializePlatformSupportModulesInManaged (3ms)
				SetLoadedEditorAssemblies (0ms)
				RefreshPlugins (1ms)
				BeforeProcessingInitializeOnLoad (89ms)
				ProcessInitializeOnLoadAttributes (316ms)
				ProcessInitializeOnLoadMethodAttributes (17ms)
				AfterProcessingInitializeOnLoad (12ms)
				EditorAssembliesLoaded (0ms)
			ExecutionOrderSort2 (0ms)
			AwakeInstancesAfterBackupRestoration (12ms)
Platform modules already initialized, skipping
Refreshing native plugins compatible for Editor in 0.95 ms, found 2 plugins.
Preloading 0 native plugins for Editor in 0.00 ms.
Unloading 2702 Unused Serialized files (Serialized files now loaded: 0)
System memory in use before: 129.2 MB.
System memory in use after: 129.4 MB.

Unloading 15 unused Assets to reduce memory usage. Loaded Objects now: 3299.
Total: 5.683900 ms (FindLiveObjects: 0.405700 ms CreateObjectMapping: 0.164700 ms MarkObjects: 4.906300 ms  DeleteObjects: 0.205700 ms)

AssetImportParameters requested are different than current active one (requested -> active):
  custom:framework-win-MediaFoundation: 216162199b28c13a410421893ffa2e32 -> 
  custom:video-decoder-ogg-theora: a1e56fd34408186e4bbccfd4996cb3dc -> 
  custom:container-muxer-webm: aa71ff27fc2769a1b78a27578f13a17b -> 
  custom:container-demuxer-webm: 4f35f7cbe854078d1ac9338744f61a02 -> 
  custom:container-demuxer-ogg: 62fdf1f143b41e24485cea50d1cbac27 -> 
  custom:video-encoder-webm-vp8: eb34c28f22e8b96e1ab97ce403110664 -> 
  custom:video-decoder-webm-vp8: 9c59270c3fd7afecdb556c50c9e8de78 -> 
  custom:audio-decoder-ogg-vorbis: bf7c407c2cedff20999df2af8eb42d56 -> 
  custom:audio-encoder-webm-vorbis: bf7c407c2cedff20999df2af8eb42d56 -> 
========================================================================
Received Prepare
Registering precompiled user dll's ...
Registered in 0.005087 seconds.
Begin MonoManager ReloadAssembly
Native extension for WindowsStandalone target not found
Refreshing native plugins compatible for Editor in 0.73 ms, found 2 plugins.
Preloading 0 native plugins for Editor in 0.00 ms.
Mono: successfully reloaded assembly
- Completed reload, in  1.355 seconds
Domain Reload Profiling:
	ReloadAssembly (1355ms)
		BeginReloadAssembly (138ms)
			ExecutionOrderSort (0ms)
			DisableScriptedObjects (5ms)
			BackupInstance (0ms)
			ReleaseScriptingObjects (0ms)
			CreateAndSetChildDomain (35ms)
		EndReloadAssembly (1128ms)
			LoadAssemblies (132ms)
			RebuildTransferFunctionScriptingTraits (0ms)
			SetupTypeCache (435ms)
			ReleaseScriptCaches (1ms)
			RebuildScriptCaches (52ms)
			SetupLoadedEditorAssemblies (371ms)
				LogAssemblyErrors (0ms)
				InitializePlatformSupportModulesInManaged (4ms)
				SetLoadedEditorAssemblies (1ms)
				RefreshPlugins (1ms)
				BeforeProcessingInitializeOnLoad (109ms)
				ProcessInitializeOnLoadAttributes (239ms)
				ProcessInitializeOnLoadMethodAttributes (9ms)
				AfterProcessingInitializeOnLoad (8ms)
				EditorAssembliesLoaded (0ms)
			ExecutionOrderSort2 (0ms)
			AwakeInstancesAfterBackupRestoration (10ms)
Platform modules already initialized, skipping
Refreshing native plugins compatible for Editor in 0.64 ms, found 2 plugins.
Preloading 0 native plugins for Editor in 0.00 ms.
Unloading 2702 Unused Serialized files (Serialized files now loaded: 0)
System memory in use before: 129.2 MB.
System memory in use after: 129.4 MB.

Unloading 15 unused Assets to reduce memory usage. Loaded Objects now: 3301.
Total: 3.643600 ms (FindLiveObjects: 0.246000 ms CreateObjectMapping: 0.218200 ms MarkObjects: 3.164000 ms  DeleteObjects: 0.014500 ms)

AssetImportParameters requested are different than current active one (requested -> active):
  custom:framework-win-MediaFoundation: 216162199b28c13a410421893ffa2e32 -> 
  custom:video-decoder-ogg-theora: a1e56fd34408186e4bbccfd4996cb3dc -> 
  custom:container-muxer-webm: aa71ff27fc2769a1b78a27578f13a17b -> 
  custom:container-demuxer-webm: 4f35f7cbe854078d1ac9338744f61a02 -> 
  custom:container-demuxer-ogg: 62fdf1f143b41e24485cea50d1cbac27 -> 
  custom:video-encoder-webm-vp8: eb34c28f22e8b96e1ab97ce403110664 -> 
  custom:video-decoder-webm-vp8: 9c59270c3fd7afecdb556c50c9e8de78 -> 
  custom:audio-decoder-ogg-vorbis: bf7c407c2cedff20999df2af8eb42d56 -> 
  custom:audio-encoder-webm-vorbis: bf7c407c2cedff20999df2af8eb42d56 -> 
========================================================================
Received Prepare
Registering precompiled user dll's ...
Registered in 0.003908 seconds.
Begin MonoManager ReloadAssembly
Native extension for WindowsStandalone target not found
Refreshing native plugins compatible for Editor in 0.53 ms, found 2 plugins.
Preloading 0 native plugins for Editor in 0.00 ms.
Mono: successfully reloaded assembly
- Completed reload, in  1.224 seconds
Domain Reload Profiling:
	ReloadAssembly (1224ms)
		BeginReloadAssembly (143ms)
			ExecutionOrderSort (0ms)
			DisableScriptedObjects (5ms)
			BackupInstance (0ms)
			ReleaseScriptingObjects (0ms)
			CreateAndSetChildDomain (32ms)
		EndReloadAssembly (990ms)
			LoadAssemblies (123ms)
			RebuildTransferFunctionScriptingTraits (0ms)
			SetupTypeCache (366ms)
			ReleaseScriptCaches (2ms)
			RebuildScriptCaches (49ms)
			SetupLoadedEditorAssemblies (327ms)
				LogAssemblyErrors (0ms)
				InitializePlatformSupportModulesInManaged (4ms)
				SetLoadedEditorAssemblies (0ms)
				RefreshPlugins (1ms)
				BeforeProcessingInitializeOnLoad (98ms)
				ProcessInitializeOnLoadAttributes (206ms)
				ProcessInitializeOnLoadMethodAttributes (9ms)
				AfterProcessingInitializeOnLoad (8ms)
				EditorAssembliesLoaded (0ms)
			ExecutionOrderSort2 (0ms)
			AwakeInstancesAfterBackupRestoration (12ms)
Platform modules already initialized, skipping
Refreshing native plugins compatible for Editor in 0.79 ms, found 2 plugins.
Preloading 0 native plugins for Editor in 0.00 ms.
Unloading 2702 Unused Serialized files (Serialized files now loaded: 0)
System memory in use before: 129.2 MB.
System memory in use after: 129.4 MB.

Unloading 15 unused Assets to reduce memory usage. Loaded Objects now: 3303.
Total: 4.331700 ms (FindLiveObjects: 0.335200 ms CreateObjectMapping: 0.231800 ms MarkObjects: 3.745200 ms  DeleteObjects: 0.018400 ms)

AssetImportParameters requested are different than current active one (requested -> active):
  custom:framework-win-MediaFoundation: 216162199b28c13a410421893ffa2e32 -> 
  custom:video-decoder-ogg-theora: a1e56fd34408186e4bbccfd4996cb3dc -> 
  custom:container-muxer-webm: aa71ff27fc2769a1b78a27578f13a17b -> 
  custom:container-demuxer-webm: 4f35f7cbe854078d1ac9338744f61a02 -> 
  custom:container-demuxer-ogg: 62fdf1f143b41e24485cea50d1cbac27 -> 
  custom:video-encoder-webm-vp8: eb34c28f22e8b96e1ab97ce403110664 -> 
  custom:video-decoder-webm-vp8: 9c59270c3fd7afecdb556c50c9e8de78 -> 
  custom:audio-decoder-ogg-vorbis: bf7c407c2cedff20999df2af8eb42d56 -> 
  custom:audio-encoder-webm-vorbis: bf7c407c2cedff20999df2af8eb42d56 -> 
========================================================================
Received Import Request.
  Time since last request: 296.047971 seconds.
  path: Assets/Resources/Tilesets/Floor1.asset
  artifactKey: Guid(6f2f25130f1b3c04ebf9496afdb8b947) Importer(815301076,1909f56bfc062723c751e8b465ee728b)
Start importing Assets/Resources/Tilesets/Floor1.asset using Guid(6f2f25130f1b3c04ebf9496afdb8b947) Importer(815301076,1909f56bfc062723c751e8b465ee728b)  -> (artifact id: 'b2a88463f1f96893973949bf37457dee') in 0.090320 seconds 
  Import took 0.095622 seconds .

========================================================================
Received Import Request.
  Time since last request: 420.453783 seconds.
  path: Assets/Resources
  artifactKey: Guid(bdc5756b55ea2784184c9a51a1bc9844) Importer(815301076,1909f56bfc062723c751e8b465ee728b)
Start importing Assets/Resources using Guid(bdc5756b55ea2784184c9a51a1bc9844) Importer(815301076,1909f56bfc062723c751e8b465ee728b)  -> (artifact id: '362a334d3038aadf5bc308e611ebd469') in 0.026839 seconds 
  Import took 0.041024 seconds .

========================================================================
Received Import Request.
  Time since last request: 11.411805 seconds.
  path: Assets/Presets/UtilityTexture.preset
  artifactKey: Guid(45f7b2e3c78185248b3adbb14429c2ab) Importer(815301076,1909f56bfc062723c751e8b465ee728b)
Start importing Assets/Presets/UtilityTexture.preset using Guid(45f7b2e3c78185248b3adbb14429c2ab) Importer(815301076,1909f56bfc062723c751e8b465ee728b)  -> (artifact id: 'e8036b8f09e598597dbda508706733cf') in 0.043886 seconds 
  Import took 0.058128 seconds .

========================================================================
Received Import Request.
  Time since last request: 88.779890 seconds.
  path: Assets/Resources/Tilesets/TileDatas
  artifactKey: Guid(e44e0c80453e94d4eae57a275ef8b30e) Importer(815301076,1909f56bfc062723c751e8b465ee728b)
Start importing Assets/Resources/Tilesets/TileDatas using Guid(e44e0c80453e94d4eae57a275ef8b30e) Importer(815301076,1909f56bfc062723c751e8b465ee728b)  -> (artifact id: '05dc453e12694c1e3197e3cc1d978e0b') in 0.024552 seconds 
  Import took 0.045262 seconds .

========================================================================
Received Import Request.
  Time since last request: 39.802910 seconds.
  path: Assets/Resources/Tilesets/TileDatas/Floor2.asset
  artifactKey: Guid(55f50276132672545babe51535d70c45) Importer(815301076,1909f56bfc062723c751e8b465ee728b)
Start importing Assets/Resources/Tilesets/TileDatas/Floor2.asset using Guid(55f50276132672545babe51535d70c45) Importer(815301076,1909f56bfc062723c751e8b465ee728b)  -> (artifact id: '2593e958b0d793ce3d2a493aadf9c2ab') in 0.033103 seconds 
  Import took 0.049839 seconds .

========================================================================
Received Import Request.
  Time since last request: 14.841289 seconds.
  path: Assets/Resources/Tilesets/TileDatas/Floor2.asset
  artifactKey: Guid(55f50276132672545babe51535d70c45) Importer(815301076,1909f56bfc062723c751e8b465ee728b)
Start importing Assets/Resources/Tilesets/TileDatas/Floor2.asset using Guid(55f50276132672545babe51535d70c45) Importer(815301076,1909f56bfc062723c751e8b465ee728b)  -> (artifact id: '7e39e27eac675ce1f24b3e3111d44491') in 0.023368 seconds 
  Import took 0.046159 seconds .

========================================================================
Received Import Request.
  Time since last request: 104.047035 seconds.
  path: Assets/Resources/Tilesets/TileDatas/Floor1.asset
  artifactKey: Guid(6f2f25130f1b3c04ebf9496afdb8b947) Importer(815301076,1909f56bfc062723c751e8b465ee728b)
Start importing Assets/Resources/Tilesets/TileDatas/Floor1.asset using Guid(6f2f25130f1b3c04ebf9496afdb8b947) Importer(815301076,1909f56bfc062723c751e8b465ee728b)  -> (artifact id: '363f5f24125769e2d76d25c7b4793a48') in 0.022298 seconds 
  Import took 0.044221 seconds .

========================================================================
Received Import Request.
  Time since last request: 0.000653 seconds.
  path: Assets/Resources/Tilesets/TileDatas/Floor2.asset
  artifactKey: Guid(55f50276132672545babe51535d70c45) Importer(815301076,1909f56bfc062723c751e8b465ee728b)
Start importing Assets/Resources/Tilesets/TileDatas/Floor2.asset using Guid(55f50276132672545babe51535d70c45) Importer(815301076,1909f56bfc062723c751e8b465ee728b)  -> (artifact id: '2875c5cccf6bde63b380c484c07950d2') in 0.014987 seconds 
  Import took 0.031997 seconds .

========================================================================
Received Import Request.
  Time since last request: 6.718137 seconds.
  path: Assets/Resources/Tilesets/BoardCreator.asset
  artifactKey: Guid(175080077d69307429f09548970bb780) Importer(815301076,1909f56bfc062723c751e8b465ee728b)
Start importing Assets/Resources/Tilesets/BoardCreator.asset using Guid(175080077d69307429f09548970bb780) Importer(815301076,1909f56bfc062723c751e8b465ee728b)  -> (artifact id: '3021b295f9d5c739e095ae3aefe3eae2') in 0.012845 seconds 
  Import took 0.021710 seconds .

========================================================================
Received Prepare
Registering precompiled user dll's ...
Registered in 0.017335 seconds.
Begin MonoManager ReloadAssembly
Native extension for WindowsStandalone target not found
Refreshing native plugins compatible for Editor in 1.65 ms, found 2 plugins.
Preloading 0 native plugins for Editor in 0.00 ms.
Mono: successfully reloaded assembly
- Completed reload, in  2.174 seconds
Domain Reload Profiling:
	ReloadAssembly (2176ms)
		BeginReloadAssembly (260ms)
			ExecutionOrderSort (0ms)
			DisableScriptedObjects (7ms)
			BackupInstance (0ms)
			ReleaseScriptingObjects (0ms)
			CreateAndSetChildDomain (83ms)
		EndReloadAssembly (1774ms)
			LoadAssemblies (239ms)
			RebuildTransferFunctionScriptingTraits (0ms)
			SetupTypeCache (646ms)
			ReleaseScriptCaches (2ms)
			RebuildScriptCaches (75ms)
			SetupLoadedEditorAssemblies (632ms)
				LogAssemblyErrors (0ms)
				InitializePlatformSupportModulesInManaged (6ms)
				SetLoadedEditorAssemblies (1ms)
				RefreshPlugins (2ms)
				BeforeProcessingInitializeOnLoad (157ms)
				ProcessInitializeOnLoadAttributes (432ms)
				ProcessInitializeOnLoadMethodAttributes (18ms)
				AfterProcessingInitializeOnLoad (15ms)
				EditorAssembliesLoaded (0ms)
			ExecutionOrderSort2 (0ms)
			AwakeInstancesAfterBackupRestoration (17ms)
Platform modules already initialized, skipping
Refreshing native plugins compatible for Editor in 0.72 ms, found 2 plugins.
Preloading 0 native plugins for Editor in 0.00 ms.
Unloading 2702 Unused Serialized files (Serialized files now loaded: 0)
System memory in use before: 129.2 MB.
System memory in use after: 129.4 MB.

Unloading 15 unused Assets to reduce memory usage. Loaded Objects now: 3305.
Total: 8.552000 ms (FindLiveObjects: 0.879000 ms CreateObjectMapping: 0.384800 ms MarkObjects: 6.487900 ms  DeleteObjects: 0.796400 ms)

AssetImportParameters requested are different than current active one (requested -> active):
  custom:framework-win-MediaFoundation: 216162199b28c13a410421893ffa2e32 -> 
  custom:video-decoder-ogg-theora: a1e56fd34408186e4bbccfd4996cb3dc -> 
  custom:container-muxer-webm: aa71ff27fc2769a1b78a27578f13a17b -> 
  custom:container-demuxer-webm: 4f35f7cbe854078d1ac9338744f61a02 -> 
  custom:container-demuxer-ogg: 62fdf1f143b41e24485cea50d1cbac27 -> 
  custom:video-encoder-webm-vp8: eb34c28f22e8b96e1ab97ce403110664 -> 
  custom:video-decoder-webm-vp8: 9c59270c3fd7afecdb556c50c9e8de78 -> 
  custom:audio-decoder-ogg-vorbis: bf7c407c2cedff20999df2af8eb42d56 -> 
  custom:audio-encoder-webm-vorbis: bf7c407c2cedff20999df2af8eb42d56 -> 
========================================================================
Received Prepare
Registering precompiled user dll's ...
Registered in 0.014285 seconds.
Begin MonoManager ReloadAssembly
Native extension for WindowsStandalone target not found
Refreshing native plugins compatible for Editor in 1.13 ms, found 2 plugins.
Preloading 0 native plugins for Editor in 0.00 ms.
Mono: successfully reloaded assembly
- Completed reload, in  2.771 seconds
Domain Reload Profiling:
	ReloadAssembly (2772ms)
		BeginReloadAssembly (428ms)
			ExecutionOrderSort (0ms)
			DisableScriptedObjects (6ms)
			BackupInstance (0ms)
			ReleaseScriptingObjects (3ms)
			CreateAndSetChildDomain (102ms)
		EndReloadAssembly (2168ms)
			LoadAssemblies (397ms)
			RebuildTransferFunctionScriptingTraits (0ms)
			SetupTypeCache (758ms)
			ReleaseScriptCaches (8ms)
			RebuildScriptCaches (106ms)
			SetupLoadedEditorAssemblies (831ms)
				LogAssemblyErrors (0ms)
				InitializePlatformSupportModulesInManaged (11ms)
				SetLoadedEditorAssemblies (1ms)
				RefreshPlugins (1ms)
				BeforeProcessingInitializeOnLoad (248ms)
				ProcessInitializeOnLoadAttributes (519ms)
				ProcessInitializeOnLoadMethodAttributes (28ms)
				AfterProcessingInitializeOnLoad (23ms)
				EditorAssembliesLoaded (1ms)
			ExecutionOrderSort2 (0ms)
			AwakeInstancesAfterBackupRestoration (29ms)
Platform modules already initialized, skipping
Refreshing native plugins compatible for Editor in 1.12 ms, found 2 plugins.
Preloading 0 native plugins for Editor in 0.00 ms.
Unloading 2702 Unused Serialized files (Serialized files now loaded: 0)
System memory in use before: 129.2 MB.
System memory in use after: 129.4 MB.

Unloading 15 unused Assets to reduce memory usage. Loaded Objects now: 3307.
Total: 13.133200 ms (FindLiveObjects: 1.426600 ms CreateObjectMapping: 0.559700 ms MarkObjects: 11.107200 ms  DeleteObjects: 0.033400 ms)

AssetImportParameters requested are different than current active one (requested -> active):
  custom:framework-win-MediaFoundation: 216162199b28c13a410421893ffa2e32 -> 
  custom:video-decoder-ogg-theora: a1e56fd34408186e4bbccfd4996cb3dc -> 
  custom:container-muxer-webm: aa71ff27fc2769a1b78a27578f13a17b -> 
  custom:container-demuxer-webm: 4f35f7cbe854078d1ac9338744f61a02 -> 
  custom:container-demuxer-ogg: 62fdf1f143b41e24485cea50d1cbac27 -> 
  custom:video-encoder-webm-vp8: eb34c28f22e8b96e1ab97ce403110664 -> 
  custom:video-decoder-webm-vp8: 9c59270c3fd7afecdb556c50c9e8de78 -> 
  custom:audio-decoder-ogg-vorbis: bf7c407c2cedff20999df2af8eb42d56 -> 
  custom:audio-encoder-webm-vorbis: bf7c407c2cedff20999df2af8eb42d56 -> 
========================================================================
Received Prepare
Registering precompiled user dll's ...
Registered in 0.045227 seconds.
Begin MonoManager ReloadAssembly
Native extension for WindowsStandalone target not found
Refreshing native plugins compatible for Editor in 1.32 ms, found 2 plugins.
Preloading 0 native plugins for Editor in 0.00 ms.
Mono: successfully reloaded assembly
- Completed reload, in  2.991 seconds
Domain Reload Profiling:
	ReloadAssembly (2992ms)
		BeginReloadAssembly (224ms)
			ExecutionOrderSort (0ms)
			DisableScriptedObjects (9ms)
			BackupInstance (0ms)
			ReleaseScriptingObjects (0ms)
			CreateAndSetChildDomain (58ms)
		EndReloadAssembly (2549ms)
			LoadAssemblies (286ms)
			RebuildTransferFunctionScriptingTraits (0ms)
			SetupTypeCache (1003ms)
			ReleaseScriptCaches (6ms)
			RebuildScriptCaches (120ms)
			SetupLoadedEditorAssemblies (801ms)
				LogAssemblyErrors (0ms)
				InitializePlatformSupportModulesInManaged (13ms)
				SetLoadedEditorAssemblies (1ms)
				RefreshPlugins (1ms)
				BeforeProcessingInitializeOnLoad (206ms)
				ProcessInitializeOnLoadAttributes (522ms)
				ProcessInitializeOnLoadMethodAttributes (33ms)
				AfterProcessingInitializeOnLoad (24ms)
				EditorAssembliesLoaded (0ms)
			ExecutionOrderSort2 (0ms)
			AwakeInstancesAfterBackupRestoration (29ms)
Platform modules already initialized, skipping
Refreshing native plugins compatible for Editor in 2.58 ms, found 2 plugins.
Preloading 0 native plugins for Editor in 0.00 ms.
Unloading 2702 Unused Serialized files (Serialized files now loaded: 0)
System memory in use before: 129.2 MB.
System memory in use after: 129.5 MB.

Unloading 15 unused Assets to reduce memory usage. Loaded Objects now: 3309.
Total: 19.157200 ms (FindLiveObjects: 10.579600 ms CreateObjectMapping: 0.938500 ms MarkObjects: 7.140500 ms  DeleteObjects: 0.497000 ms)

AssetImportParameters requested are different than current active one (requested -> active):
  custom:framework-win-MediaFoundation: 216162199b28c13a410421893ffa2e32 -> 
  custom:video-decoder-ogg-theora: a1e56fd34408186e4bbccfd4996cb3dc -> 
  custom:container-muxer-webm: aa71ff27fc2769a1b78a27578f13a17b -> 
  custom:container-demuxer-webm: 4f35f7cbe854078d1ac9338744f61a02 -> 
  custom:container-demuxer-ogg: 62fdf1f143b41e24485cea50d1cbac27 -> 
  custom:video-encoder-webm-vp8: eb34c28f22e8b96e1ab97ce403110664 -> 
  custom:video-decoder-webm-vp8: 9c59270c3fd7afecdb556c50c9e8de78 -> 
  custom:audio-decoder-ogg-vorbis: bf7c407c2cedff20999df2af8eb42d56 -> 
  custom:audio-encoder-webm-vorbis: bf7c407c2cedff20999df2af8eb42d56 -> 
========================================================================
Received Prepare
Registering precompiled user dll's ...
Registered in 0.009651 seconds.
Begin MonoManager ReloadAssembly
Native extension for WindowsStandalone target not found
Refreshing native plugins compatible for Editor in 1.66 ms, found 2 plugins.
Preloading 0 native plugins for Editor in 0.00 ms.
Mono: successfully reloaded assembly
- Completed reload, in  2.546 seconds
Domain Reload Profiling:
	ReloadAssembly (2547ms)
		BeginReloadAssembly (315ms)
			ExecutionOrderSort (0ms)
			DisableScriptedObjects (8ms)
			BackupInstance (0ms)
			ReleaseScriptingObjects (0ms)
			CreateAndSetChildDomain (90ms)
		EndReloadAssembly (2055ms)
			LoadAssemblies (315ms)
			RebuildTransferFunctionScriptingTraits (0ms)
			SetupTypeCache (788ms)
			ReleaseScriptCaches (3ms)
			RebuildScriptCaches (78ms)
			SetupLoadedEditorAssemblies (702ms)
				LogAssemblyErrors (0ms)
				InitializePlatformSupportModulesInManaged (9ms)
				SetLoadedEditorAssemblies (1ms)
				RefreshPlugins (2ms)
				BeforeProcessingInitializeOnLoad (227ms)
				ProcessInitializeOnLoadAttributes (426ms)
				ProcessInitializeOnLoadMethodAttributes (18ms)
				AfterProcessingInitializeOnLoad (19ms)
				EditorAssembliesLoaded (0ms)
			ExecutionOrderSort2 (0ms)
			AwakeInstancesAfterBackupRestoration (24ms)
Platform modules already initialized, skipping
Refreshing native plugins compatible for Editor in 3.12 ms, found 2 plugins.
Preloading 0 native plugins for Editor in 0.00 ms.
Unloading 2702 Unused Serialized files (Serialized files now loaded: 0)
System memory in use before: 129.2 MB.
System memory in use after: 129.5 MB.

Unloading 15 unused Assets to reduce memory usage. Loaded Objects now: 3311.
Total: 10.800800 ms (FindLiveObjects: 3.763700 ms CreateObjectMapping: 0.851400 ms MarkObjects: 6.107100 ms  DeleteObjects: 0.074200 ms)

AssetImportParameters requested are different than current active one (requested -> active):
  custom:framework-win-MediaFoundation: 216162199b28c13a410421893ffa2e32 -> 
  custom:video-decoder-ogg-theora: a1e56fd34408186e4bbccfd4996cb3dc -> 
  custom:container-muxer-webm: aa71ff27fc2769a1b78a27578f13a17b -> 
  custom:container-demuxer-webm: 4f35f7cbe854078d1ac9338744f61a02 -> 
  custom:container-demuxer-ogg: 62fdf1f143b41e24485cea50d1cbac27 -> 
  custom:video-encoder-webm-vp8: eb34c28f22e8b96e1ab97ce403110664 -> 
  custom:video-decoder-webm-vp8: 9c59270c3fd7afecdb556c50c9e8de78 -> 
  custom:audio-decoder-ogg-vorbis: bf7c407c2cedff20999df2af8eb42d56 -> 
  custom:audio-encoder-webm-vorbis: bf7c407c2cedff20999df2af8eb42d56 -> 
========================================================================
Received Import Request.
  Time since last request: 384.324331 seconds.
  path: Assets/Prefabs
  artifactKey: Guid(113c014e8cb16fc40bf67ddc43d43531) Importer(815301076,1909f56bfc062723c751e8b465ee728b)
Start importing Assets/Prefabs using Guid(113c014e8cb16fc40bf67ddc43d43531) Importer(815301076,1909f56bfc062723c751e8b465ee728b)  -> (artifact id: 'aca0c43a36e4fbb4a334aeeaf6dbe4b7') in 0.025004 seconds 
  Import took 0.037888 seconds .

========================================================================
Received Import Request.
  Time since last request: 68.963186 seconds.
  path: Assets/Prefabs/Tile.prefab
  artifactKey: Guid(e1b2ecfe1c29dd1488859765f0823984) Importer(815301076,1909f56bfc062723c751e8b465ee728b)
Start importing Assets/Prefabs/Tile.prefab using Guid(e1b2ecfe1c29dd1488859765f0823984) Importer(815301076,1909f56bfc062723c751e8b465ee728b)  -> (artifact id: 'a721ff826699acbdf66c84554eaa092a') in 0.801635 seconds 
  Import took 0.828814 seconds .

========================================================================
Received Import Request.
  Time since last request: 0.000441 seconds.
  path: Assets/Prefabs/TileSelectionIndicator.prefab
  artifactKey: Guid(a5ae8a3c635299f43b49603a9dce1652) Importer(815301076,1909f56bfc062723c751e8b465ee728b)
Start importing Assets/Prefabs/TileSelectionIndicator.prefab using Guid(a5ae8a3c635299f43b49603a9dce1652) Importer(815301076,1909f56bfc062723c751e8b465ee728b)  -> (artifact id: '3aa0c1a0ac7769c085142e8516cc9891') in 0.059980 seconds 
  Import took 0.088111 seconds .

========================================================================
Received Import Request.
  Time since last request: 52.954749 seconds.
  path: Assets/Prefabs/Tile.prefab
  artifactKey: Guid(e1b2ecfe1c29dd1488859765f0823984) Importer(815301076,1909f56bfc062723c751e8b465ee728b)
Start importing Assets/Prefabs/Tile.prefab using Guid(e1b2ecfe1c29dd1488859765f0823984) Importer(815301076,1909f56bfc062723c751e8b465ee728b)  -> (artifact id: '3cc788a32637e5cb742b627dfc51ea11') in 0.035558 seconds 
  Import took 0.057126 seconds .

========================================================================
Received Import Request.
  Time since last request: 22.630053 seconds.
  path: Assets/Materials
  artifactKey: Guid(8fba0fd086a05fb4cb9b74e11a2d455c) Importer(815301076,1909f56bfc062723c751e8b465ee728b)
Start importing Assets/Materials using Guid(8fba0fd086a05fb4cb9b74e11a2d455c) Importer(815301076,1909f56bfc062723c751e8b465ee728b)  -> (artifact id: '2d4755ebfc311b0e8d379fc8653431e8') in 0.029182 seconds 
  Import took 0.050337 seconds .

========================================================================
Received Import Request.
  Time since last request: 12.017454 seconds.
  path: Assets/Materials/Tile.mat
  artifactKey: Guid(4dc0e6b5d6f8b9449b27c4c3ca2e9405) Importer(815301076,1909f56bfc062723c751e8b465ee728b)
Start importing Assets/Materials/Tile.mat using Guid(4dc0e6b5d6f8b9449b27c4c3ca2e9405) Importer(815301076,1909f56bfc062723c751e8b465ee728b)  -> (artifact id: 'c0f00ff34585e7b21691842a482d15eb') in 0.141858 seconds 
  Import took 0.154483 seconds .

========================================================================
Received Import Request.
  Time since last request: 7.344877 seconds.
  path: Assets/Materials/Tileselect.mat
  artifactKey: Guid(cc27330f5497b2042bf58ee07f6e3107) Importer(815301076,1909f56bfc062723c751e8b465ee728b)
Start importing Assets/Materials/Tileselect.mat using Guid(cc27330f5497b2042bf58ee07f6e3107) Importer(815301076,1909f56bfc062723c751e8b465ee728b)  -> (artifact id: '13e131c79cc629a3fd602c58c45b18ee') in 0.043136 seconds 
  Import took 0.058695 seconds .

========================================================================
Received Import Request.
  Time since last request: 88.100968 seconds.
  path: Assets/Prefabs/Tile.prefab
  artifactKey: Guid(e1b2ecfe1c29dd1488859765f0823984) Importer(815301076,1909f56bfc062723c751e8b465ee728b)
Start importing Assets/Prefabs/Tile.prefab using Guid(e1b2ecfe1c29dd1488859765f0823984) Importer(815301076,1909f56bfc062723c751e8b465ee728b)  -> (artifact id: '0283054348aa7f73d75b34325d611fdb') in 0.035899 seconds 
  Import took 0.045775 seconds .

========================================================================
Received Import Request.
  Time since last request: 0.000397 seconds.
  path: Assets/Prefabs/TileSelectionIndicator.prefab
  artifactKey: Guid(a5ae8a3c635299f43b49603a9dce1652) Importer(815301076,1909f56bfc062723c751e8b465ee728b)
Start importing Assets/Prefabs/TileSelectionIndicator.prefab using Guid(a5ae8a3c635299f43b49603a9dce1652) Importer(815301076,1909f56bfc062723c751e8b465ee728b)  -> (artifact id: '423bc6f23714a23c99f0fa11c8ed21f6') in 0.051598 seconds 
  Import took 0.062878 seconds .

========================================================================
Received Import Request.
  Time since last request: 49.688107 seconds.
  path: Assets/Resources/Tilesets/BoardCreator.asset
  artifactKey: Guid(175080077d69307429f09548970bb780) Importer(815301076,1909f56bfc062723c751e8b465ee728b)
Start importing Assets/Resources/Tilesets/BoardCreator.asset using Guid(175080077d69307429f09548970bb780) Importer(815301076,1909f56bfc062723c751e8b465ee728b)  -> (artifact id: '5c18b650011ef64dc294307b89399c13') in 0.007627 seconds 
  Import took 0.023202 seconds .

========================================================================
Received Import Request.
  Time since last request: 14.170763 seconds.
  path: Assets/Resources/Levels/BoardCreator.asset
  artifactKey: Guid(bf7b54b7f3856b84a8fbebe985d2ddd2) Importer(815301076,1909f56bfc062723c751e8b465ee728b)
Start importing Assets/Resources/Levels/BoardCreator.asset using Guid(bf7b54b7f3856b84a8fbebe985d2ddd2) Importer(815301076,1909f56bfc062723c751e8b465ee728b)  -> (artifact id: '3485c487bb48cfd6ff7af82f32beb8fe') in 0.007926 seconds 
  Import took 0.022577 seconds .

========================================================================
Received Import Request.
  Time since last request: 71.902782 seconds.
  path: Assets/Textures
  artifactKey: Guid(fce75fa14e6539343a8b7d32a0166505) Importer(815301076,1909f56bfc062723c751e8b465ee728b)
Start importing Assets/Textures using Guid(fce75fa14e6539343a8b7d32a0166505) Importer(815301076,1909f56bfc062723c751e8b465ee728b)  -> (artifact id: '0362c8ff8efd144dd41f8074c0329351') in 0.019849 seconds 
  Import took 0.033779 seconds .

========================================================================
Received Import Request.
  Time since last request: 8.224381 seconds.
  path: Assets/Textures/Dirt.png
  artifactKey: Guid(0e57a71e963e0db438b37965447e095f) Importer(815301076,1909f56bfc062723c751e8b465ee728b)
Start importing Assets/Textures/Dirt.png using Guid(0e57a71e963e0db438b37965447e095f) Importer(815301076,1909f56bfc062723c751e8b465ee728b)  -> (artifact id: 'b8d36caf048bee6374018ca2b0d9e969') in 0.083777 seconds 
  Import took 0.097738 seconds .

========================================================================
Received Import Request.
  Time since last request: 2.959335 seconds.
  path: Assets/Prefabs/Tile.prefab
  artifactKey: Guid(e1b2ecfe1c29dd1488859765f0823984) Importer(815301076,1909f56bfc062723c751e8b465ee728b)
Start importing Assets/Prefabs/Tile.prefab using Guid(e1b2ecfe1c29dd1488859765f0823984) Importer(815301076,1909f56bfc062723c751e8b465ee728b)  -> (artifact id: '6daed5fce0b9ce7004c2e164e63def1f') in 0.046034 seconds 
  Import took 0.060707 seconds .

========================================================================
Received Import Request.
  Time since last request: 1.763306 seconds.
  path: Assets/Materials/Tile.mat
  artifactKey: Guid(4dc0e6b5d6f8b9449b27c4c3ca2e9405) Importer(815301076,1909f56bfc062723c751e8b465ee728b)
Start importing Assets/Materials/Tile.mat using Guid(4dc0e6b5d6f8b9449b27c4c3ca2e9405) Importer(815301076,1909f56bfc062723c751e8b465ee728b)  -> (artifact id: '4a3b03b99e2cac1257756d1b3d359564') in 0.026766 seconds 
  Import took 0.042750 seconds .

========================================================================
Received Import Request.
  Time since last request: 0.000363 seconds.
  path: Assets/Materials/Tileselect.mat
  artifactKey: Guid(cc27330f5497b2042bf58ee07f6e3107) Importer(815301076,1909f56bfc062723c751e8b465ee728b)
Start importing Assets/Materials/Tileselect.mat using Guid(cc27330f5497b2042bf58ee07f6e3107) Importer(815301076,1909f56bfc062723c751e8b465ee728b)  -> (artifact id: 'afea6cdf9193c5111906c3de918a2665') in 0.026203 seconds 
  Import took 0.038849 seconds .

========================================================================
Received Import Request.
  Time since last request: 86.278169 seconds.
  path: Assets/Resources/Levels
  artifactKey: Guid(f6c9b41955cba28449a5951da947cbd3) Importer(815301076,1909f56bfc062723c751e8b465ee728b)
Start importing Assets/Resources/Levels using Guid(f6c9b41955cba28449a5951da947cbd3) Importer(815301076,1909f56bfc062723c751e8b465ee728b)  -> (artifact id: '6bba00b67b3f77163f5646b35c5d84b1') in 0.026035 seconds 
  Import took 0.035057 seconds .

========================================================================
Received Import Request.
  Time since last request: 0.020825 seconds.
  path: Assets/Resources/Levels/BoardCreator.asset
  artifactKey: Guid(bf7b54b7f3856b84a8fbebe985d2ddd2) Importer(815301076,1909f56bfc062723c751e8b465ee728b)
Start importing Assets/Resources/Levels/BoardCreator.asset using Guid(bf7b54b7f3856b84a8fbebe985d2ddd2) Importer(815301076,1909f56bfc062723c751e8b465ee728b)  -> (artifact id: 'ccc7dbc4fb3392bcd283804317be9bac') in 0.030152 seconds 
  Import took 0.054529 seconds .

========================================================================
Received Prepare
Registering precompiled user dll's ...
Registered in 0.015429 seconds.
Begin MonoManager ReloadAssembly
Native extension for WindowsStandalone target not found
Refreshing native plugins compatible for Editor in 0.71 ms, found 2 plugins.
Preloading 0 native plugins for Editor in 0.00 ms.
Mono: successfully reloaded assembly
- Completed reload, in  2.746 seconds
Domain Reload Profiling:
	ReloadAssembly (2749ms)
		BeginReloadAssembly (282ms)
			ExecutionOrderSort (0ms)
			DisableScriptedObjects (15ms)
			BackupInstance (0ms)
			ReleaseScriptingObjects (0ms)
			CreateAndSetChildDomain (75ms)
		EndReloadAssembly (2301ms)
			LoadAssemblies (279ms)
			RebuildTransferFunctionScriptingTraits (0ms)
			SetupTypeCache (902ms)
			ReleaseScriptCaches (2ms)
			RebuildScriptCaches (106ms)
			SetupLoadedEditorAssemblies (659ms)
				LogAssemblyErrors (0ms)
				InitializePlatformSupportModulesInManaged (5ms)
				SetLoadedEditorAssemblies (1ms)
				RefreshPlugins (1ms)
				BeforeProcessingInitializeOnLoad (176ms)
				ProcessInitializeOnLoadAttributes (426ms)
				ProcessInitializeOnLoadMethodAttributes (26ms)
				AfterProcessingInitializeOnLoad (23ms)
				EditorAssembliesLoaded (1ms)
			ExecutionOrderSort2 (0ms)
			AwakeInstancesAfterBackupRestoration (33ms)
Platform modules already initialized, skipping
Refreshing native plugins compatible for Editor in 2.39 ms, found 2 plugins.
Preloading 0 native plugins for Editor in 0.00 ms.
Unloading 2702 Unused Serialized files (Serialized files now loaded: 0)
System memory in use before: 134.6 MB.
System memory in use after: 134.8 MB.

Unloading 15 unused Assets to reduce memory usage. Loaded Objects now: 3394.
Total: 8.063300 ms (FindLiveObjects: 1.082500 ms CreateObjectMapping: 0.373100 ms MarkObjects: 6.574400 ms  DeleteObjects: 0.031000 ms)

AssetImportParameters requested are different than current active one (requested -> active):
  custom:framework-win-MediaFoundation: 216162199b28c13a410421893ffa2e32 -> 
  custom:video-decoder-ogg-theora: a1e56fd34408186e4bbccfd4996cb3dc -> 
  custom:container-muxer-webm: aa71ff27fc2769a1b78a27578f13a17b -> 
  custom:container-demuxer-webm: 4f35f7cbe854078d1ac9338744f61a02 -> 
  custom:container-demuxer-ogg: 62fdf1f143b41e24485cea50d1cbac27 -> 
  custom:video-encoder-webm-vp8: eb34c28f22e8b96e1ab97ce403110664 -> 
  custom:video-decoder-webm-vp8: 9c59270c3fd7afecdb556c50c9e8de78 -> 
  custom:audio-decoder-ogg-vorbis: bf7c407c2cedff20999df2af8eb42d56 -> 
  custom:audio-encoder-webm-vorbis: bf7c407c2cedff20999df2af8eb42d56 -> 
========================================================================
Received Prepare
Registering precompiled user dll's ...
Registered in 0.009931 seconds.
Begin MonoManager ReloadAssembly
Native extension for WindowsStandalone target not found
Refreshing native plugins compatible for Editor in 2.74 ms, found 2 plugins.
Preloading 0 native plugins for Editor in 0.00 ms.
Mono: successfully reloaded assembly
- Completed reload, in  2.856 seconds
Domain Reload Profiling:
	ReloadAssembly (2857ms)
		BeginReloadAssembly (302ms)
			ExecutionOrderSort (0ms)
			DisableScriptedObjects (9ms)
			BackupInstance (0ms)
			ReleaseScriptingObjects (0ms)
			CreateAndSetChildDomain (82ms)
		EndReloadAssembly (2237ms)
			LoadAssemblies (288ms)
			RebuildTransferFunctionScriptingTraits (0ms)
			SetupTypeCache (766ms)
			ReleaseScriptCaches (3ms)
			RebuildScriptCaches (132ms)
			SetupLoadedEditorAssemblies (777ms)
				LogAssemblyErrors (0ms)
				InitializePlatformSupportModulesInManaged (9ms)
				SetLoadedEditorAssemblies (1ms)
				RefreshPlugins (4ms)
				BeforeProcessingInitializeOnLoad (318ms)
				ProcessInitializeOnLoadAttributes (406ms)
				ProcessInitializeOnLoadMethodAttributes (17ms)
				AfterProcessingInitializeOnLoad (20ms)
				EditorAssembliesLoaded (1ms)
			ExecutionOrderSort2 (0ms)
			AwakeInstancesAfterBackupRestoration (29ms)
Platform modules already initialized, skipping
Refreshing native plugins compatible for Editor in 4.37 ms, found 2 plugins.
Preloading 0 native plugins for Editor in 0.00 ms.
Unloading 2702 Unused Serialized files (Serialized files now loaded: 0)
System memory in use before: 134.6 MB.
System memory in use after: 134.8 MB.

Unloading 15 unused Assets to reduce memory usage. Loaded Objects now: 3396.
Total: 5.000200 ms (FindLiveObjects: 0.407600 ms CreateObjectMapping: 0.196800 ms MarkObjects: 4.367400 ms  DeleteObjects: 0.026700 ms)

AssetImportParameters requested are different than current active one (requested -> active):
  custom:framework-win-MediaFoundation: 216162199b28c13a410421893ffa2e32 -> 
  custom:video-decoder-ogg-theora: a1e56fd34408186e4bbccfd4996cb3dc -> 
  custom:container-muxer-webm: aa71ff27fc2769a1b78a27578f13a17b -> 
  custom:container-demuxer-webm: 4f35f7cbe854078d1ac9338744f61a02 -> 
  custom:container-demuxer-ogg: 62fdf1f143b41e24485cea50d1cbac27 -> 
  custom:video-encoder-webm-vp8: eb34c28f22e8b96e1ab97ce403110664 -> 
  custom:video-decoder-webm-vp8: 9c59270c3fd7afecdb556c50c9e8de78 -> 
  custom:audio-decoder-ogg-vorbis: bf7c407c2cedff20999df2af8eb42d56 -> 
  custom:audio-encoder-webm-vorbis: bf7c407c2cedff20999df2af8eb42d56 -> 
========================================================================
Received Prepare
Registering precompiled user dll's ...
Registered in 0.010960 seconds.
Begin MonoManager ReloadAssembly
Native extension for WindowsStandalone target not found
Refreshing native plugins compatible for Editor in 3.24 ms, found 2 plugins.
Preloading 0 native plugins for Editor in 0.00 ms.
Mono: successfully reloaded assembly
- Completed reload, in  2.894 seconds
Domain Reload Profiling:
	ReloadAssembly (2895ms)
		BeginReloadAssembly (385ms)
			ExecutionOrderSort (0ms)
			DisableScriptedObjects (16ms)
			BackupInstance (0ms)
			ReleaseScriptingObjects (0ms)
			CreateAndSetChildDomain (113ms)
		EndReloadAssembly (2327ms)
			LoadAssemblies (353ms)
			RebuildTransferFunctionScriptingTraits (0ms)
			SetupTypeCache (815ms)
			ReleaseScriptCaches (1ms)
			RebuildScriptCaches (123ms)
			SetupLoadedEditorAssemblies (709ms)
				LogAssemblyErrors (0ms)
				InitializePlatformSupportModulesInManaged (10ms)
				SetLoadedEditorAssemblies (1ms)
				RefreshPlugins (3ms)
				BeforeProcessingInitializeOnLoad (188ms)
				ProcessInitializeOnLoadAttributes (451ms)
				ProcessInitializeOnLoadMethodAttributes (26ms)
				AfterProcessingInitializeOnLoad (29ms)
				EditorAssembliesLoaded (1ms)
			ExecutionOrderSort2 (0ms)
			AwakeInstancesAfterBackupRestoration (33ms)
Platform modules already initialized, skipping
Refreshing native plugins compatible for Editor in 1.12 ms, found 2 plugins.
Preloading 0 native plugins for Editor in 0.00 ms.
Unloading 2702 Unused Serialized files (Serialized files now loaded: 0)
System memory in use before: 134.6 MB.
System memory in use after: 134.8 MB.

Unloading 15 unused Assets to reduce memory usage. Loaded Objects now: 3398.
Total: 5.182500 ms (FindLiveObjects: 0.434300 ms CreateObjectMapping: 0.222700 ms MarkObjects: 4.495500 ms  DeleteObjects: 0.028400 ms)

AssetImportParameters requested are different than current active one (requested -> active):
  custom:framework-win-MediaFoundation: 216162199b28c13a410421893ffa2e32 -> 
  custom:video-decoder-ogg-theora: a1e56fd34408186e4bbccfd4996cb3dc -> 
  custom:container-muxer-webm: aa71ff27fc2769a1b78a27578f13a17b -> 
  custom:container-demuxer-webm: 4f35f7cbe854078d1ac9338744f61a02 -> 
  custom:container-demuxer-ogg: 62fdf1f143b41e24485cea50d1cbac27 -> 
  custom:video-encoder-webm-vp8: eb34c28f22e8b96e1ab97ce403110664 -> 
  custom:video-decoder-webm-vp8: 9c59270c3fd7afecdb556c50c9e8de78 -> 
  custom:audio-decoder-ogg-vorbis: bf7c407c2cedff20999df2af8eb42d56 -> 
  custom:audio-encoder-webm-vorbis: bf7c407c2cedff20999df2af8eb42d56 -> 
========================================================================
Received Prepare
Registering precompiled user dll's ...
Registered in 0.008299 seconds.
Begin MonoManager ReloadAssembly
Native extension for WindowsStandalone target not found
Refreshing native plugins compatible for Editor in 1.49 ms, found 2 plugins.
Preloading 0 native plugins for Editor in 0.00 ms.
Mono: successfully reloaded assembly
- Completed reload, in  2.770 seconds
Domain Reload Profiling:
	ReloadAssembly (2771ms)
		BeginReloadAssembly (409ms)
			ExecutionOrderSort (0ms)
			DisableScriptedObjects (10ms)
			BackupInstance (0ms)
			ReleaseScriptingObjects (0ms)
			CreateAndSetChildDomain (130ms)
		EndReloadAssembly (2201ms)
			LoadAssemblies (336ms)
			RebuildTransferFunctionScriptingTraits (0ms)
			SetupTypeCache (758ms)
			ReleaseScriptCaches (2ms)
			RebuildScriptCaches (89ms)
			SetupLoadedEditorAssemblies (831ms)
				LogAssemblyErrors (0ms)
				InitializePlatformSupportModulesInManaged (10ms)
				SetLoadedEditorAssemblies (1ms)
				RefreshPlugins (2ms)
				BeforeProcessingInitializeOnLoad (282ms)
				ProcessInitializeOnLoadAttributes (498ms)
				ProcessInitializeOnLoadMethodAttributes (20ms)
				AfterProcessingInitializeOnLoad (18ms)
				EditorAssembliesLoaded (1ms)
			ExecutionOrderSort2 (0ms)
			AwakeInstancesAfterBackupRestoration (31ms)
Platform modules already initialized, skipping
Refreshing native plugins compatible for Editor in 0.97 ms, found 2 plugins.
Preloading 0 native plugins for Editor in 0.00 ms.
Unloading 2702 Unused Serialized files (Serialized files now loaded: 0)
System memory in use before: 134.6 MB.
System memory in use after: 134.9 MB.

Unloading 15 unused Assets to reduce memory usage. Loaded Objects now: 3400.
Total: 13.687400 ms (FindLiveObjects: 3.098100 ms CreateObjectMapping: 1.097500 ms MarkObjects: 9.455700 ms  DeleteObjects: 0.031000 ms)

AssetImportParameters requested are different than current active one (requested -> active):
  custom:framework-win-MediaFoundation: 216162199b28c13a410421893ffa2e32 -> 
  custom:video-decoder-ogg-theora: a1e56fd34408186e4bbccfd4996cb3dc -> 
  custom:container-muxer-webm: aa71ff27fc2769a1b78a27578f13a17b -> 
  custom:container-demuxer-webm: 4f35f7cbe854078d1ac9338744f61a02 -> 
  custom:container-demuxer-ogg: 62fdf1f143b41e24485cea50d1cbac27 -> 
  custom:video-encoder-webm-vp8: eb34c28f22e8b96e1ab97ce403110664 -> 
  custom:video-decoder-webm-vp8: 9c59270c3fd7afecdb556c50c9e8de78 -> 
  custom:audio-decoder-ogg-vorbis: bf7c407c2cedff20999df2af8eb42d56 -> 
  custom:audio-encoder-webm-vorbis: bf7c407c2cedff20999df2af8eb42d56 -> 
AssetImportWorkerClient::OnTransportError - code=2 error=End of file
